tag,id,time,Ax,Ay,Az,gx,gy,gz
1,0,0,5.74,1.69,0.29,-0.31,-0.03,-0.21
1,0,10,8.21,2.13,1.3,-0.3,-0.12,-0.16
1,0,20,8.76,2.37,1.6,-0.29,-0.27,-0.12
1,0,30,8.58,2.21,1.53,-0.27,-0.29,-0.08
1,0,40,8.51,2.26,1.3,-0.28,-0.12,0.01
1,0,51,8.6,2.23,1.37,-0.3,-0.09,0.08
1,0,60,8.32,2.3,1.24,-0.32,-0.12,0.13
1,0,70,8.37,2.35,1.26,-0.33,-0.09,0.15
1,0,80,8.28,2.41,1.47,-0.34,-0.09,0.18
1,0,90,8.12,2.29,1.56,-0.38,-0.03,0.24
1,0,101,7.79,2.2,1.75,-0.44,0.05,0.34
1,0,110,7.35,2.15,1.85,-0.5,0.09,0.46
1,0,120,7.12,2.01,2.1,-0.54,0.15,0.59
1,0,132,6.82,1.83,2.49,-0.56,0.14,0.72
1,0,140,6.51,1.54,2.84,-0.56,0.17,0.83
1,0,153,6.02,1.26,3.39,-0.55,0.2,0.97
1,0,162,5.54,0.89,3.91,-0.53,0.21,1.15
1,0,173,5.22,0.43,4.5,-0.49,0.27,1.44
1,0,180,4.85,-0.42,4.99,-0.41,0.36,1.8
1,0,190,4.79,-1.4,5.86,-0.3,0.42,2.15
1,0,202,5.34,-2.12,6.95,-0.09,0.52,2.49
1,0,210,6.3,-2.55,7.67,0.22,0.54,2.8
1,0,220,7.6,-3.32,8.39,0.64,0.54,3.08
1,0,230,9.3,-4.05,8.88,1.11,0.63,3.39
1,0,240,10.95,-4.71,9.13,1.54,0.9,3.7
1,0,250,12.3,-5.28,9.05,1.99,1.17,3.92
1,0,260,13.98,-5.54,9.03,2.48,1.19,3.92
1,0,272,15.82,-5.7,9.19,3.07,1.07,3.7
1,0,280,17.36,-5.72,8.9,3.75,0.79,3.28
1,0,290,18.42,-5.85,8.1,4.37,0.31,2.65
1,0,300,19.45,-5.65,7.13,4.37,-0.26,1.91
1,0,310,19.61,-5.46,5.48,4.37,-0.73,1.05
1,0,320,19.61,-4.41,3.22,4.37,-1.05,0.12
1,0,330,19.61,-3.2,0.64,4.37,-1.21,-0.92
1,0,340,19.61,-2.14,-1.78,4.37,-1.52,-1.95
1,0,350,19.58,-1,-3.5,4.37,-1.91,-2.93
1,0,360,17.68,-0.59,-5.08,3.75,-2.18,-3.78
1,0,370,16.4,0.18,-5.98,3.04,-2.45,-4.37
1,0,383,14.8,0.45,-6.89,2.36,-2.5,-4.37
1,0,390,12.96,0.8,-7.57,1.72,-2.45,-4.37
1,0,400,10.91,0.97,-7.93,1.07,-2.39,-4.37
1,0,410,9.38,1.48,-8.16,0.46,-2.36,-4.37
1,0,420,7.89,1.96,-8.05,-0.15,-2.16,-4.37
1,0,430,6.21,1.89,-8.27,-0.68,-1.56,-4.37
1,0,440,4.58,2,-8.2,-1.16,-1.04,-4.1
1,0,450,3.11,2.11,-8.14,-1.58,-0.68,-3.44
1,0,460,2.09,2.37,-7.84,-1.92,-0.41,-2.73
1,0,470,1.43,2.41,-7.7,-2.21,-0.22,-2.02
1,0,480,1.14,2.43,-6.98,-2.51,-0.11,-1.37
1,0,490,1.18,2.3,-6.06,-2.81,0.02,-0.84
1,0,500,1.42,2.33,-4.94,-3.07,0.24,-0.42
1,0,510,1.55,2.16,-4.17,-3.26,0.18,-0.04
1,0,521,1.54,2.19,-3.82,-3.38,0.09,0.34
1,0,530,1.49,2,-3.47,-3.52,0.02,0.77
1,0,540,1.54,1.83,-2.72,-3.68,-0.13,1.19
1,0,550,1.96,1.35,-1.85,-3.86,-0.15,1.62
1,0,563,2.62,0.75,-0.67,-3.96,0.03,2.06
1,0,570,3.43,0.57,0.58,-3.98,0.26,2.5
1,0,580,4.17,0.11,1.85,-3.88,0.46,2.88
1,0,591,5.19,-0.07,2.38,-3.72,0.63,3.26
1,0,600,5.91,-0.37,3.03,-3.57,0.95,3.61
1,0,610,6.64,-1.11,3.8,-3.5,1.26,3.94
1,0,620,7.16,-1.51,4.44,-3.48,1.62,4.21
1,0,630,7.85,-1.9,5.02,-3.45,1.81,4.37
1,0,640,8.55,-2.77,5.86,-3.36,1.91,4.37
1,0,650,9.54,-3.13,6.51,-3.16,1.85,4.37
1,0,660,10.59,-3.35,7.52,-2.88,1.73,4.14
1,0,671,11.6,-3.6,7.9,-2.52,1.45,3.78
1,0,680,12.23,-3.8,8.06,-2.21,1.23,3.36
1,0,690,12.57,-3.86,8.27,-1.9,0.9,2.79
1,0,700,12.75,-3.87,8.3,-1.61,0.59,2.16
1,0,711,12.97,-3.74,8.09,-1.31,0.19,1.55
1,0,720,12.85,-3.74,8.03,-1.01,-0.09,1.02
1,0,730,12.65,-3.67,7.86,-0.76,-0.28,0.58
1,0,740,12.25,-3.56,7.53,-0.55,-0.38,0.27
1,0,750,11.82,-3.45,7.02,-0.39,-0.36,0.08
1,0,760,11.36,-3.17,6.56,-0.28,-0.34,0.02
1,0,770,10.9,-3.03,6.09,-0.22,-0.28,0.02
1,0,780,10.56,-2.76,5.81,-0.22,-0.2,0.06
1,0,790,10.4,-2.5,5.59,-0.22,-0.11,0.1
1,0,800,10.16,-2.38,5.55,-0.21,0.01,0.15
1,0,810,9.72,-2.36,5.44,-0.17,0.06,0.17
1,0,820,9.59,-2.27,5.22,-0.12,0.05,0.17
1,0,832,9.39,-2.23,5.06,-0.05,0.01,0.14
1,0,840,9.38,-2.12,4.81,0.01,0,0.1
1,0,850,9.31,-2.1,4.69,0.03,-0.05,0.06
1,0,860,9.19,-2.08,4.41,0.04,-0.09,0.05
1,0,870,9.25,-1.98,4.29,0.02,-0.11,0.05
1,0,880,9.3,-2.06,4.23,0,-0.09,0.08
1,0,890,9.28,-1.97,4.12,-0.02,-0.11,0.08
1,0,902,9.39,-1.99,4.19,-0.01,-0.16,0.06
1,0,914,9.47,-1.85,4.27,0.03,-0.24,0.02
1,0,920,9.6,-1.88,4.36,0.07,-0.28,-0.03
1,0,930,9.57,-1.89,4.24,0.11,-0.34,-0.1
1,0,940,9.65,-2.01,4.26,0.14,-0.4,-0.16
1,0,950,9.65,-2.09,4.29,0.17,-0.45,-0.2
1,0,960,9.6,-2.13,4.21,0.21,-0.45,-0.23
1,0,971,9.59,-2.15,4.13,0.23,-0.4,-0.25
1,0,980,9.67,-2.05,3.91,0.24,-0.36,-0.28
1,0,990,9.6,-2.08,3.87,0.25,-0.33,-0.33
1,0,1000,9.54,-2.08,3.67,0.26,-0.28,-0.38
1,0,1010,9.67,-1.96,3.66,0.25,-0.25,-0.42
1,0,1020,9.58,-2.09,3.66,0.23,-0.15,-0.43
1,0,1030,9.47,-2.01,3.56,0.21,-0.09,-0.42
1,1,0,7.72,2.25,2.62,-0.23,0.26,-0.01
1,1,10,8,2.36,2.81,-0.2,0.19,-0.02
1,1,23,8.09,2.41,2.77,-0.15,0.06,0.07
1,1,30,7.61,2.26,2.61,-0.12,0.01,0.1
1,1,40,7.93,2.32,2.58,-0.08,-0.02,0.12
1,1,50,7.68,2.27,2.59,-0.06,-0.07,0.15
1,1,60,7.6,2.22,2.5,-0.06,-0.12,0.18
1,1,163,7.57,2.24,2.47,-0.07,-0.15,0.22
1,1,169,5.91,0.98,3.64,-0.26,0.24,1.33
1,1,181,5.6,0.58,4.1,-0.25,0.15,1.42
1,1,188,5.38,-0.01,4.64,-0.21,0.04,1.6
1,1,199,5.55,-0.32,5.3,-0.11,-0.02,1.82
1,1,208,6.03,-0.91,5.84,0.03,-0.08,2.1
1,1,218,6.75,-1.57,6.27,0.18,-0.06,2.42
1,1,228,7.77,-2.35,6.79,0.34,0.17,2.78
1,1,238,8.47,-3.09,7.43,0.51,0.47,3.14
1,1,248,9.3,-3.96,8.17,0.68,0.65,3.42
1,1,258,10.21,-4.65,8.66,0.89,0.75,3.62
1,1,268,11.36,-5.19,9.09,1.21,0.64,3.7
1,1,278,13,-5.33,9.67,1.65,0.46,3.61
1,1,288,14.68,-5.37,9.96,2.2,0.13,3.32
1,1,298,16.32,-5.36,9.96,2.86,-0.18,2.85
1,1,308,17.45,-5.39,9.38,3.56,-0.5,2.26
1,1,318,18.44,-5.3,8.07,4.21,-0.71,1.63
1,1,328,19.61,-4.89,6.19,4.37,-0.73,1.06
1,1,339,19.61,-4.19,3.81,4.37,-0.27,0.6
1,1,348,19.61,-3.68,1.94,4.37,0,0.19
1,1,358,19.61,-2.57,0.34,4.24,0.16,-0.23
1,1,368,19.42,-1.66,-0.91,3.9,0.31,-0.71
1,1,378,18.6,-1.09,-1.82,3.57,0.3,-1.25
1,1,390,17.88,-0.6,-2.89,3.27,0.07,-1.83
1,1,398,16.89,0.05,-3.83,2.95,-0.18,-2.43
1,1,408,15.47,0.41,-4.76,2.58,-0.39,-2.97
1,1,418,13.98,0.88,-5.61,2.1,-0.62,-3.45
1,1,429,12.37,1.19,-6.39,1.54,-0.84,-3.78
1,1,438,11.04,1.38,-6.95,0.95,-0.88,-3.95
1,1,448,9.31,1.65,-7.47,0.36,-0.82,-3.93
1,1,459,7.88,1.65,-7.5,-0.25,-0.67,-3.76
1,1,469,6.53,1.63,-7.42,-0.83,-0.44,-3.45
1,1,478,5.36,1.54,-7.23,-1.34,-0.11,-3.02
1,1,488,4.51,1.8,-7.11,-1.71,0.12,-2.58
1,1,498,3.96,2,-7.29,-2.01,0.27,-2.15
1,1,508,3.08,2.25,-7.13,-2.36,0.37,-1.75
1,1,518,2.46,1.84,-6.25,-2.76,0.37,-1.45
1,1,531,2.02,1.71,-5.27,-3.11,0.31,-1.17
1,1,538,1.79,1.3,-4.24,-3.34,0.32,-0.89
1,1,548,1.41,0.92,-3.16,-3.46,0.34,-0.58
1,1,558,0.86,0.5,-2.12,-3.49,0.25,-0.24
1,1,568,0.4,-0.11,-0.95,-3.47,0.11,0.12
1,1,579,0.31,-0.57,0.27,-3.4,-0.06,0.52
1,1,588,0.68,-1.2,0.89,-3.32,-0.31,0.98
1,1,599,1.42,-1.75,1.55,-3.25,-0.49,1.46
1,1,608,2.62,-2.39,2.6,-3.18,-0.56,1.94
1,1,619,4,-2.97,3.57,-3.1,-0.57,2.4
1,1,628,6.05,-3.39,4.34,-2.99,-0.53,2.82
1,1,638,8.06,-3.53,4.81,-2.89,-0.22,3.16
1,1,648,9.89,-3.42,5.7,-2.85,0.15,3.3
1,1,658,11.54,-3.17,6.4,-2.83,0.37,3.18
1,1,669,12.85,-3.18,7.3,-2.74,0.33,2.86
1,1,678,13.82,-3.28,8.23,-2.53,0.21,2.36
1,1,688,14.66,-3.01,9.01,-2.25,0.01,1.76
1,1,698,15.09,-2.89,9.34,-1.95,-0.23,1.24
1,1,708,15.13,-2.69,9.61,-1.67,-0.27,0.85
1,1,718,14.8,-2.71,9.61,-1.46,-0.18,0.56
1,1,728,14.23,-2.74,9.67,-1.3,-0.04,0.37
1,1,738,13.59,-2.69,9.69,-1.16,0.09,0.23
1,1,748,13.02,-2.56,9.6,-1.01,0.19,0.15
1,1,758,12.57,-2.47,9.49,-0.83,0.28,0.09
1,1,768,12.24,-2.06,9.18,-0.65,0.26,0.03
1,1,778,12.09,-1.68,9,-0.46,0.24,-0.07
1,1,788,11.78,-1.35,8.51,-0.27,0.19,-0.22
1,1,798,11.36,-1.2,7.9,-0.11,0.1,-0.4
1,1,811,10.79,-0.96,7.33,0.02,0.03,-0.56
1,1,818,10.13,-0.75,6.74,0.1,-0.11,-0.7
1,1,828,9.63,-0.78,6.22,0.15,-0.21,-0.79
1,1,838,9.17,-0.65,5.78,0.17,-0.28,-0.81
1,1,848,8.88,-0.45,5.49,0.17,-0.33,-0.79
1,1,859,8.68,-0.31,5.17,0.17,-0.32,-0.73
1,1,870,8.43,-0.33,4.86,0.17,-0.3,-0.67
1,1,878,8.25,-0.26,4.92,0.2,-0.32,-0.6
1,1,888,8.15,-0.26,4.66,0.25,-0.4,-0.55
1,1,898,8.07,-0.4,4.25,0.31,-0.44,-0.51
1,1,908,8.08,-0.35,4.13,0.34,-0.46,-0.47
1,1,918,8.09,-0.33,3.97,0.35,-0.5,-0.41
1,1,928,8.13,-0.35,3.68,0.34,-0.53,-0.35
1,1,943,8.27,-0.23,3.81,0.32,-0.53,-0.27
1,1,948,8.41,-0.24,3.67,0.3,-0.47,-0.2
1,1,958,8.52,-0.29,3.58,0.27,-0.38,-0.14
1,1,968,8.49,-0.28,3.38,0.24,-0.38,-0.11
1,1,978,8.63,-0.31,3.37,0.23,-0.44,-0.1
1,1,988,8.88,-0.3,3.39,0.22,-0.51,-0.12
1,1,999,9.08,-0.42,3.4,0.21,-0.49,-0.16
1,1,1008,9.19,-0.44,3.48,0.21,-0.42,-0.2
1,1,1018,9.26,-0.47,3.34,0.22,-0.39,-0.21
1,1,1028,9.38,-0.33,3.2,0.22,-0.28,-0.19
1,2,0,5.87,3.6,1.63,-0.25,0.11,-0.02
1,2,10,6.18,2.66,1.58,-0.38,0.01,0.14
1,2,22,5.74,2.43,1.89,-0.41,-0.01,0.35
1,2,30,5.97,2.49,2.45,-0.43,0.09,0.45
1,2,42,6.5,2.53,2.66,-0.38,0.06,0.57
1,2,50,6.94,2.88,2.67,-0.25,0.01,0.65
1,2,60,7.52,2.94,2.72,-0.07,0.04,0.71
1,2,70,8.01,3.04,2.63,0.08,0.08,0.76
1,2,80,8.29,3.08,2.24,0.16,0.12,0.84
1,2,90,8.44,3.16,1.71,0.17,0.18,0.96
1,2,102,8.53,3.18,1.4,0.12,0.18,1.08
1,2,110,8.63,3.11,1.38,0.03,0.2,1.17
1,2,120,8.71,2.95,1.7,-0.11,0.27,1.21
1,2,130,8.47,2.59,2.06,-0.23,0.28,1.23
1,2,143,8.09,2.1,2.75,-0.29,0.28,1.25
1,2,151,7.49,1.41,3.8,-0.26,0.27,1.29
1,2,161,6.66,0.55,4.78,-0.18,0.3,1.41
1,2,172,5.78,-0.27,5.57,-0.08,0.39,1.67
1,2,181,4.98,-0.96,6.13,0.02,0.57,2.06
1,2,192,4.44,-1.46,6.33,0.14,0.64,2.51
1,2,202,4.45,-2,6.64,0.28,0.56,2.92
1,2,213,5.78,-1.97,7.14,0.48,0.35,3.24
1,2,222,7.53,-2.04,7.83,0.76,0.31,3.47
1,2,231,9.44,-2.31,8.11,1.14,0.3,3.59
1,2,243,11.06,-2.67,8.13,1.6,0.22,3.6
1,2,251,12.44,-3.11,7.9,2.03,0.15,3.53
1,2,261,13.65,-3.48,6.87,2.44,-0.06,3.35
1,2,275,14.98,-3.69,6.08,2.75,-0.35,3.08
1,2,281,16.61,-3.91,5.54,2.98,-0.49,2.7
1,2,291,18.27,-3.65,4.69,3.13,-0.48,2.25
1,2,302,19.27,-3.54,3.76,3.2,-0.44,1.76
1,2,311,19.61,-3.24,3.11,3.24,-0.37,1.2
1,2,323,19.61,-2.93,2.44,3.27,-0.35,0.65
1,2,331,19.61,-2.46,1.65,3.31,-0.37,0.08
1,2,341,19.61,-2.19,0.63,3.32,-0.33,-0.5
1,2,351,19.61,-1.52,-0.77,3.24,-0.25,-1.07
1,2,361,19.34,-0.99,-2.03,3.04,-0.08,-1.63
1,2,371,18.54,-0.2,-3.29,2.72,-0.02,-2.21
1,2,382,17.52,0.38,-4.78,2.37,0.01,-2.71
1,2,391,16.19,0.85,-6.09,1.95,0.01,-3.16
1,2,402,14.72,1.24,-7.17,1.46,0.05,-3.53
1,2,411,12.97,1.52,-7.75,0.92,0.1,-3.79
1,2,421,11.17,1.58,-8.11,0.37,0.09,-3.97
1,2,431,9.48,1.63,-8.46,-0.14,0.06,-3.98
1,2,442,7.97,1.44,-8.73,-0.62,0.2,-3.82
1,2,451,6.53,1.54,-8.47,-1.09,0.45,-3.51
1,2,462,4.87,1.39,-8.36,-1.58,0.67,-3.09
1,2,472,3.59,1.27,-8.13,-2.03,0.79,-2.66
1,2,482,2.43,1.24,-7.82,-2.43,0.89,-2.23
1,2,491,1.52,1.04,-7.02,-2.78,0.92,-1.79
1,2,501,0.69,0.84,-6.17,-3.07,0.85,-1.34
1,2,511,0.18,0.68,-5.04,-3.28,0.7,-0.9
1,2,521,-0.05,0.71,-3.99,-3.37,0.5,-0.45
1,2,531,-0.06,0.51,-2.99,-3.37,0.27,0
1,2,541,0.24,0.2,-1.94,-3.32,0.09,0.46
1,2,552,0.92,0.09,-0.53,-3.29,0.04,0.94
1,2,563,1.76,-0.03,0.49,-3.28,-0.03,1.47
1,2,571,2.74,-0.44,1.29,-3.28,-0.04,2.01
1,2,584,4.16,-0.7,2.62,-3.31,0.04,2.51
1,2,591,5.66,-1.41,3.85,-3.32,0.09,2.96
1,2,602,7.76,-2.06,5.09,-3.27,0.23,3.29
1,2,611,10.02,-2.42,6.12,-3.16,0.46,3.46
1,2,621,11.86,-2.49,6.83,-3.05,0.7,3.38
1,2,631,13.01,-2.55,7.38,-2.93,0.8,2.98
1,2,642,13.81,-2.76,8.14,-2.76,0.58,2.32
1,2,654,14.37,-2.74,8.92,-2.47,0.22,1.54
1,2,661,14.65,-2.91,9.42,-2.11,-0.16,0.82
1,2,672,14.54,-3.09,9.52,-1.69,-0.41,0.28
1,2,681,14.16,-3.09,9.16,-1.31,-0.51,-0.05
1,2,691,13.64,-2.83,8.66,-1.03,-0.48,-0.2
1,2,701,13.18,-2.5,8.12,-0.87,-0.33,-0.21
1,2,711,12.49,-2.15,7.38,-0.79,-0.13,-0.16
1,2,723,11.99,-1.77,6.8,-0.74,0.03,-0.13
1,2,731,11.47,-1.25,6.58,-0.69,0.1,-0.16
1,2,741,11.02,-0.83,6.51,-0.65,0.09,-0.26
1,2,751,10.59,-0.65,6.46,-0.58,0.04,-0.4
1,2,761,10.04,-0.56,6.41,-0.49,-0.04,-0.54
1,2,771,9.68,-0.57,6.26,-0.39,-0.11,-0.63
1,2,782,9.23,-0.57,6.05,-0.31,-0.12,-0.66
1,2,791,8.76,-0.67,5.73,-0.26,-0.16,-0.65
1,2,801,8.44,-0.69,5.63,-0.21,-0.19,-0.59
1,2,811,8.28,-0.69,5.52,-0.17,-0.21,-0.53
1,2,821,8.11,-0.63,5.36,-0.14,-0.18,-0.45
1,2,831,8.09,-0.5,5.17,-0.1,-0.19,-0.41
1,2,842,7.96,-0.47,5.01,-0.06,-0.22,-0.41
1,2,851,8.05,-0.35,4.97,-0.02,-0.28,-0.43
1,2,861,8.1,-0.3,4.82,0.04,-0.33,-0.44
1,2,871,8.22,-0.24,4.85,0.09,-0.29,-0.41
1,2,881,8.23,-0.29,4.62,0.12,-0.18,-0.35
1,2,891,8.3,-0.25,4.39,0.13,-0.09,-0.26
1,2,902,8.33,-0.15,4.15,0.11,0.03,-0.18
1,2,914,8.22,-0.08,4,0.09,0.08,-0.12
1,2,922,8.35,-0.09,3.97,0.07,0.09,-0.06
1,3,0,7.64,3.28,1.64,-0.13,0.29,-0.41
1,3,10,8.2,2.98,1.94,-0.17,0.21,-0.41
1,3,20,8.04,2.9,1.69,-0.15,0.11,-0.35
1,3,30,7.71,2.68,1.84,-0.12,0.08,-0.33
1,3,40,7.41,2.71,2.13,-0.09,-0.06,-0.29
1,3,50,7.09,2.66,1.99,-0.04,-0.12,-0.25
1,3,60,6.79,2.57,1.99,-0.01,-0.21,-0.19
1,3,70,6.44,2.59,1.92,0.01,-0.28,-0.12
1,3,80,6.28,2.52,1.94,0,-0.27,0
1,3,90,6.11,2.39,2.12,-0.04,-0.23,0.16
1,3,100,6.01,2.41,2.07,-0.07,-0.18,0.35
1,3,110,5.97,2.33,2.2,-0.1,-0.11,0.56
1,3,120,5.83,2.24,2.47,-0.13,0.01,0.77
1,3,130,5.66,2.03,2.65,-0.13,0.06,0.98
1,3,140,5.44,1.75,2.98,-0.11,0.12,1.19
1,3,153,5.14,1.48,3.35,-0.06,0.16,1.41
1,3,160,5.01,1.14,3.57,-0.01,0.23,1.69
1,3,170,4.83,0.77,3.71,0.05,0.26,2.02
1,3,180,5.2,0.49,3.92,0.11,0.27,2.36
1,3,190,5.85,0.17,4.21,0.18,0.32,2.67
1,3,200,6.57,-0.16,4.68,0.27,0.34,2.95
1,3,210,7.43,-0.74,4.96,0.39,0.37,3.18
1,3,224,8.44,-1.19,5.47,0.53,0.43,3.36
1,3,230,9.45,-1.73,5.76,0.71,0.45,3.5
1,3,240,10.72,-2.23,6.2,0.94,0.46,3.55
1,3,254,12.03,-2.58,6.8,1.23,0.46,3.5
1,3,260,13.36,-3.06,7.35,1.59,0.45,3.36
1,3,270,14.38,-3.41,7.39,1.99,0.35,3.15
1,3,280,15.39,-3.71,7.32,2.45,0.17,2.85
1,3,290,16.47,-3.84,7.23,2.94,-0.03,2.49
1,3,300,17.47,-4,6.94,3.44,-0.22,2.07
1,3,310,18.37,-3.89,6.16,3.92,-0.37,1.62
1,3,320,19.01,-4.03,5.3,4.35,-0.46,1.14
1,3,332,19.33,-3.87,4.46,4.37,-0.49,0.58
1,3,341,19.55,-3.68,3.11,4.37,-0.37,0.11
1,3,351,19.47,-3.16,1.59,4.37,-0.31,-0.34
1,3,365,19.29,-2.67,0.11,4.37,-0.15,-0.82
1,3,373,18.6,-1.38,-1.98,4.37,-0.09,-1.43
1,3,383,17.66,-0.66,-3.58,4.34,-0.22,-1.99
1,3,394,16.39,0.19,-5.19,3.67,-0.48,-2.52
1,3,403,15.53,1.34,-6.81,2.85,-0.59,-2.98
1,3,413,14.25,1.8,-7.38,1.95,-0.46,-3.36
1,3,423,12.53,1.82,-7.32,1.06,-0.39,-3.64
1,3,434,10.72,1.53,-7.12,0.26,-0.34,-3.75
1,3,444,9.43,1.49,-6.89,-0.24,-0.29,-3.66
1,3,454,8.08,1.36,-6.81,-0.61,-0.26,-3.4
1,3,464,6.87,1.43,-7.06,-0.95,-0.3,-3.05
1,3,474,5.74,1.71,-7.13,-1.34,-0.07,-2.67
1,3,484,4.71,1.71,-6.82,-1.75,0.19,-2.31
1,3,495,4.02,1.82,-6.53,-2.14,0.3,-1.96
1,3,505,3.57,1.72,-6.36,-2.51,0.45,-1.61
1,3,514,2.81,1.75,-5.9,-2.86,0.54,-1.3
1,3,524,2.09,1.46,-4.97,-3.17,0.62,-1.04
1,3,534,1.71,1.31,-3.97,-3.41,0.36,-0.78
1,3,544,1.33,0.94,-3.15,-3.55,0.05,-0.45
1,3,554,0.99,0.45,-2.29,-3.61,-0.01,-0.03
1,3,565,1.06,0.22,-1.3,-3.62,-0.01,0.44
1,3,576,1.26,-0.05,-0.46,-3.59,-0.03,0.94
1,3,584,1.66,-0.34,0.6,-3.53,-0.02,1.42
1,3,594,2.46,-0.71,1.45,-3.43,-0.06,1.84
1,3,604,3.55,-1.03,2.23,-3.3,0.01,2.23
1,3,614,4.83,-1.2,3.15,-3.17,0.12,2.61
1,3,624,6.21,-1.62,3.85,-3.08,0.3,2.96
1,3,634,7.58,-1.98,4.68,-3.05,0.55,3.23
1,3,645,8.78,-2.12,5.32,-3.05,0.8,3.39
1,3,654,10,-2.23,6.07,-2.99,0.97,3.36
1,3,664,10.99,-2.6,6.85,-2.85,0.94,3.15
1,3,674,11.99,-2.72,7.76,-2.62,0.84,2.78
1,3,684,12.89,-2.82,8.56,-2.31,0.66,2.35
1,3,694,13.5,-2.95,8.98,-1.95,0.37,1.89
1,3,704,13.95,-3.01,9.13,-1.54,0.13,1.45
1,3,714,14.16,-2.97,8.71,-1.15,-0.07,1.05
1,3,724,14.09,-2.81,8.24,-0.85,-0.17,0.72
1,3,734,13.87,-2.54,7.52,-0.67,-0.22,0.42
1,3,744,13.55,-2.15,7.03,-0.58,-0.21,0.18
1,3,754,13.09,-2.03,6.62,-0.53,-0.15,0
1,3,766,12.46,-1.86,6.28,-0.5,-0.06,-0.14
1,3,774,11.83,-1.74,6.12,-0.46,0.01,-0.23
1,3,785,11.19,-1.71,5.91,-0.39,0.04,-0.28
1,3,794,10.69,-1.47,5.71,-0.31,0.03,-0.29
1,3,804,10.24,-1.37,5.46,-0.25,0.04,-0.29
1,3,814,9.81,-1.21,5.2,-0.21,0.04,-0.28
1,3,824,9.41,-1.17,5.07,-0.19,0.02,-0.28
1,3,835,9.09,-1.17,4.86,-0.18,-0.02,-0.27
1,3,844,8.89,-1.21,4.78,-0.16,-0.12,-0.27
1,3,856,8.71,-1.19,4.64,-0.14,-0.2,-0.27
1,3,864,8.69,-1.33,4.64,-0.12,-0.23,-0.23
1,3,874,8.73,-1.38,4.65,-0.08,-0.24,-0.17
1,3,885,8.68,-1.4,4.46,-0.03,-0.23,-0.11
1,3,894,8.77,-1.38,4.49,0.02,-0.23,-0.06
1,3,904,8.79,-1.32,4.46,0.07,-0.22,-0.01
1,3,914,8.98,-1.23,4.29,0.11,-0.18,0.02
1,3,924,9.06,-1.2,4.22,0.12,-0.16,0.04
1,3,934,9.14,-1.16,4.01,0.14,-0.15,0.05
1,3,944,9.07,-1.19,3.77,0.13,-0.13,0.05
1,3,954,9.19,-1.25,3.73,0.13,-0.15,0.05
1,3,964,9.33,-1.11,3.65,0.13,-0.17,0.06
1,3,974,9.34,-1.13,3.54,0.11,-0.14,0.06
1,3,984,9.42,-1.12,3.44,0.08,-0.11,0.05
1,4,0,3.77,1.25,-0.81,-0.39,0.37,-0.12
1,4,9,7.49,2.77,0.55,-0.45,0.17,0.03
1,4,19,7.63,2.38,1.3,-0.37,0.03,0.12
1,4,29,7.79,2.59,0.96,-0.35,-0.02,0.13
1,4,39,7.62,2.55,0.79,-0.28,-0.12,0.17
1,4,50,7.36,2.6,0.67,-0.27,-0.17,0.2
1,4,59,7.08,2.51,0.66,-0.28,-0.18,0.28
1,4,69,6.72,2.46,0.86,-0.31,-0.1,0.39
1,4,79,6.51,2.37,1.07,-0.33,-0.04,0.54
1,4,89,6.22,2.25,1.4,-0.33,0.1,0.72
1,4,99,5.86,2.17,1.73,-0.31,0.2,0.91
1,4,109,5.54,2.05,2.08,-0.25,0.21,1.09
1,4,120,5.16,1.91,2.47,-0.2,0.26,1.28
1,4,129,5.05,1.65,2.83,-0.17,0.34,1.5
1,4,139,4.84,1.43,3.42,-0.17,0.43,1.75
1,4,149,5.02,1,4.17,-0.17,0.58,2.01
1,4,159,5.38,0.64,5.18,-0.14,0.73,2.26
1,4,171,5.66,0.11,5.85,-0.03,0.76,2.44
1,4,179,6.24,-0.69,6.68,0.15,0.58,2.53
1,4,189,7.11,-1.34,7.25,0.44,0.34,2.57
1,4,199,8.27,-1.81,7.59,0.84,0.1,2.58
1,4,209,9.62,-2.37,7.49,1.34,-0.15,2.6
1,4,222,11.56,-2.68,7.16,1.9,-0.37,2.63
1,4,229,13.89,-2.74,6.34,2.45,-0.45,2.63
1,4,239,15.96,-3.12,5.13,2.88,-0.52,2.55
1,4,254,17.93,-3.28,4.08,3.19,-0.55,2.34
1,4,259,19.61,-2.99,3,3.38,-0.49,1.99
1,4,269,19.61,-2.55,1.56,3.47,-0.2,1.48
1,4,279,19.61,-2.21,0,3.44,-0.06,0.79
1,4,289,19.61,-1.96,-0.75,3.25,-0.19,-0.01
1,4,299,19.61,-1.38,-1.58,3.04,-0.42,-0.82
1,4,309,19.61,-1.06,-2.49,2.9,-0.65,-1.61
1,4,321,19.61,-1.13,-3.17,2.78,-0.78,-2.29
1,4,330,19.46,-0.82,-4.13,2.59,-0.85,-2.87
1,4,340,18.21,-1.02,-5.08,2.35,-0.85,-3.3
1,4,349,16.97,-0.84,-5.95,2.04,-0.73,-3.61
1,4,359,15.32,-0.83,-6.78,1.69,-0.58,-3.88
1,4,369,13.2,-0.62,-7.27,1.29,-0.43,-4.07
1,4,379,11.64,-0.45,-7.6,0.86,-0.39,-4.14
1,4,389,9.89,-0.11,-7.88,0.45,-0.36,-4.06
1,4,399,7.96,0.34,-8.48,0.06,-0.37,-3.86
1,4,409,6.23,0.33,-9.06,-0.34,-0.52,-3.55
1,4,419,4.68,1.09,-9.45,-0.83,-0.51,-3.09
1,4,430,3.71,1.26,-9.35,-1.4,-0.38,-2.51
1,4,439,3.2,1.24,-8.67,-1.96,0.08,-1.83
1,4,449,2.65,1.27,-7.97,-2.37,0.61,-1.21
1,4,461,2.15,1.12,-6.89,-2.59,0.97,-0.71
1,4,469,1.78,1.24,-6.02,-2.65,1.13,-0.26
1,4,480,1.57,1.05,-5.18,-2.66,1.19,0.18
1,4,489,1.33,0.96,-4.59,-2.7,1.15,0.61
1,4,499,1.32,1.04,-3.9,-2.77,1.04,0.96
1,4,509,1.45,1.01,-3.05,-2.86,0.91,1.23
1,4,519,2.03,0.86,-2.15,-2.89,0.74,1.44
1,4,530,2.55,0.65,-1.09,-2.88,0.59,1.63
1,4,541,3.37,0.24,0.11,-2.86,0.59,1.91
1,4,551,4.06,-0.22,1.06,-2.81,0.75,2.21
1,4,561,4.72,-0.44,1.84,-2.74,0.95,2.54
1,4,571,5.61,-0.61,2.59,-2.65,1.06,2.83
1,4,581,6.74,-0.67,3.32,-2.56,1.05,3.03
1,4,591,7.81,-0.93,4.05,-2.48,1.01,3.13
1,4,601,8.99,-1.09,4.69,-2.4,1.06,3.11
1,4,611,9.93,-1.53,5.09,-2.31,1.02,3.04
1,4,621,10.81,-1.86,5.53,-2.2,0.99,2.92
1,4,632,11.7,-2.06,6.03,-2.05,1.03,2.74
1,4,642,12.27,-2.36,6.43,-1.87,1.03,2.51
1,4,651,12.82,-2.42,6.76,-1.63,0.98,2.25
1,4,662,13.27,-2.39,6.79,-1.36,0.73,1.94
1,4,671,13.63,-2.27,6.66,-1.09,0.45,1.59
1,4,681,13.78,-2.17,6.4,-0.87,0.26,1.22
1,4,692,13.72,-1.95,5.91,-0.7,0.09,0.84
1,4,701,13.39,-1.75,5.43,-0.58,-0.1,0.5
1,4,711,13.11,-1.47,4.99,-0.52,-0.27,0.19
1,4,721,12.84,-1.3,4.76,-0.5,-0.4,-0.06
1,4,731,12.45,-1.24,4.55,-0.49,-0.47,-0.25
1,4,741,12.11,-1.15,4.38,-0.46,-0.47,-0.35
1,4,754,11.81,-1.16,4.22,-0.42,-0.47,-0.38
1,4,761,11.46,-1.03,4.21,-0.38,-0.34,-0.37
1,4,771,11.08,-0.93,3.97,-0.34,-0.22,-0.34
1,4,781,10.75,-0.9,3.89,-0.32,-0.14,-0.32
1,4,791,10.43,-0.86,3.75,-0.3,-0.09,-0.31
1,4,801,10.21,-0.91,3.9,-0.28,-0.08,-0.31
1,4,812,9.98,-0.98,3.91,-0.26,-0.09,-0.34
1,4,821,9.72,-1.01,4,-0.2,-0.14,-0.38
1,4,831,9.59,-1.08,4.16,-0.12,-0.21,-0.41
1,4,841,9.41,-1.14,4.18,0,-0.27,-0.43
1,4,851,9.31,-1.16,4.18,0.13,-0.31,-0.44
1,4,861,9.32,-1.22,4,0.24,-0.3,-0.43
1,4,871,9.17,-1.06,4.11,0.35,-0.42,-0.41
1,4,881,9.17,-0.91,3.61,0.38,-0.38,-0.4
1,4,892,9.23,-0.88,3.03,0.39,-0.43,-0.38
1,4,901,9.11,-0.78,2.79,0.32,-0.43,-0.38
1,4,911,9.2,-0.66,2.41,0.23,-0.43,-0.38
1,4,921,9.31,-0.45,2.63,0.14,-0.4,-0.38
1,4,931,9.31,-0.39,2.51,0.06,-0.35,-0.39
1,5,0,8.15,3.39,0.44,-0.05,0.14,0.11
1,5,9,8.43,3.62,0.56,-0.08,0.02,0.13
1,5,19,8.83,3.39,0.25,-0.01,0.06,0.13
1,5,29,8.73,3.55,-0.07,-0.02,0.08,0.07
1,5,39,8.65,3.55,-0.17,0,0.03,0.05
1,5,52,8.68,3.52,-0.25,0,0,0.03
1,5,59,8.46,3.43,-0.44,-0.01,-0.03,0.05
1,5,69,8.39,3.43,-0.34,-0.05,-0.07,0.1
1,5,79,8.15,3.35,-0.26,-0.1,-0.02,0.18
1,5,89,7.91,3.22,-0.11,-0.15,0.09,0.28
1,5,99,7.7,3.13,0.15,-0.17,0.2,0.42
1,5,109,7.39,3.08,0.47,-0.15,0.26,0.57
1,5,119,7.17,2.81,0.81,-0.11,0.32,0.71
1,5,129,6.96,2.7,0.97,-0.08,0.36,0.84
1,5,139,6.63,2.45,1.28,-0.06,0.36,0.96
1,5,149,6.39,2.12,1.58,-0.03,0.35,1.11
1,5,159,6.16,1.86,1.9,0,0.37,1.28
1,5,170,6.12,1.5,2.32,0.05,0.37,1.48
1,5,179,6.25,1.12,2.81,0.15,0.37,1.7
1,5,190,6.94,0.99,2.94,0.3,0.32,1.91
1,5,199,7.67,0.81,3.16,0.5,0.29,2.09
1,5,209,8.41,0.67,3.4,0.7,0.32,2.23
1,5,220,9.16,0.32,3.52,0.88,0.34,2.32
1,5,229,9.91,-0.02,3.68,1.04,0.42,2.38
1,5,240,10.68,-0.51,3.85,1.21,0.45,2.4
1,5,249,11.56,-0.87,4.08,1.42,0.4,2.36
1,5,259,12.59,-1.32,4.38,1.67,0.32,2.27
1,5,269,13.65,-1.63,4.46,1.96,0.31,2.18
1,5,279,14.42,-1.94,4.35,2.26,0.31,2.04
1,5,289,15.26,-2.11,4.38,2.58,0.35,1.85
1,5,299,15.64,-2.07,4.2,2.92,0.52,1.64
1,5,309,15.68,-2.39,3.56,3.22,0.45,1.44
1,5,323,15.62,-2.61,3.02,3.42,0.74,1.33
1,5,333,15.43,-2.64,2.07,3.49,0.97,1.37
1,5,343,15.34,-2.55,1.24,3.54,1.13,1.4
1,5,353,15.72,-2.24,0.83,3.56,1.24,1.34
1,5,363,16.15,-2.08,0.31,3.54,1.39,1.15
1,5,373,17.03,-1.91,-0.37,3.48,1.4,0.88
1,5,383,16.43,-1.96,-0.98,3.37,1.45,0.48
1,5,393,16.61,-1.52,-1.15,3.21,1.38,0.02
1,5,403,15.77,-1.44,-1.51,2.99,1.26,-0.36
1,5,413,15.12,-1.29,-1.89,2.76,1.11,-0.72
1,5,423,14.5,-1.02,-2.26,2.52,0.85,-1.06
1,5,433,13.93,-0.66,-2.59,2.22,0.6,-1.4
1,5,443,13.49,-0.38,-2.73,1.91,0.38,-1.69
1,5,454,13.37,-0.1,-3.36,1.59,0.21,-1.96
1,5,463,12.95,0.5,-3.55,1.26,0.13,-2.27
1,5,473,12.11,0.63,-3.75,0.89,-0.06,-2.61
1,5,483,11.27,0.76,-3.87,0.57,-0.35,-2.92
1,5,493,10.33,0.76,-3.69,0.29,-0.58,-3.11
1,5,503,9.21,0.66,-3.48,0.07,-0.76,-3.17
1,5,513,8.37,0.59,-3.41,-0.07,-0.84,-3.07
1,5,523,7.59,0.62,-3.44,-0.18,-0.77,-2.86
1,5,533,6.97,1.03,-3.8,-0.33,-0.64,-2.56
1,5,543,6.31,1.29,-4.01,-0.58,-0.48,-2.26
1,5,553,5.9,1.49,-4.33,-0.89,-0.29,-2
1,5,565,5.59,1.77,-4.3,-1.2,-0.15,-1.75
1,5,574,5.2,1.85,-3.96,-1.47,-0.08,-1.54
1,5,583,4.91,1.82,-3.48,-1.66,-0.12,-1.37
1,5,594,4.74,1.88,-3.1,-1.8,-0.13,-1.2
1,5,603,4.51,1.81,-2.71,-1.91,-0.06,-1.01
1,5,613,4.1,1.75,-2.5,-1.99,-0.07,-0.78
1,5,623,3.75,1.91,-2.38,-2.06,-0.11,-0.54
1,5,633,3.47,1.89,-2.21,-2.15,-0.2,-0.29
1,5,643,3.44,1.91,-1.98,-2.27,-0.3,-0.04
1,5,653,3.59,1.71,-1.82,-2.4,-0.4,0.21
1,5,666,3.77,1.54,-1.29,-2.52,-0.43,0.49
1,5,673,4.11,1.22,-0.84,-2.63,-0.33,0.79
1,5,683,4.55,1.11,-0.42,-2.73,-0.12,1.1
1,5,693,5.11,0.91,0.05,-2.79,-0.01,1.39
1,5,703,5.67,0.77,0.59,-2.79,0.09,1.64
1,5,713,6.21,0.66,1.2,-2.74,0.12,1.83
1,5,723,6.88,0.53,1.63,-2.69,0.09,2
1,5,733,7.55,0.26,2,-2.64,0.1,2.14
1,5,743,8.11,-0.03,2.42,-2.64,0.15,2.26
1,5,754,8.69,-0.32,3.04,-2.66,0.28,2.35
1,5,763,9.35,-0.57,3.7,-2.65,0.44,2.4
1,5,774,9.9,-1,4.37,-2.6,0.48,2.39
1,5,783,10.51,-1.24,4.93,-2.48,0.44,2.34
1,5,793,11.21,-1.61,5.67,-2.32,0.38,2.26
1,5,803,11.9,-1.84,6.26,-2.12,0.37,2.13
1,5,813,12.43,-2,6.48,-1.88,0.37,1.94
1,5,823,12.76,-2.11,6.34,-1.65,0.3,1.75
1,5,833,12.94,-2.1,6.31,-1.48,0.27,1.57
1,5,843,12.93,-2.1,6.27,-1.37,0.24,1.37
1,5,853,13.02,-2.03,6.15,-1.31,0.23,1.16
1,5,863,12.82,-2.09,6.06,-1.23,0.17,0.93
1,5,873,12.7,-2.09,6.06,-1.11,0.03,0.71
1,5,885,12.68,-2.01,6.32,-0.96,-0.09,0.52
1,5,893,12.54,-1.92,6.21,-0.78,-0.08,0.37
1,5,903,12.32,-2.04,5.97,-0.59,-0.11,0.26
1,5,913,11.99,-1.91,5.65,-0.41,-0.15,0.18
1,5,923,11.87,-1.84,5.28,-0.25,-0.13,0.09
1,5,934,11.68,-1.69,4.83,-0.13,-0.16,0.01
1,5,943,11.45,-1.48,4.46,-0.07,-0.2,-0.07
1,5,953,11.16,-1.25,3.86,-0.08,-0.17,-0.13
1,5,963,10.79,-1.14,3.59,-0.13,-0.1,-0.17
1,5,974,10.41,-1.11,3.42,-0.18,-0.08,-0.2
1,5,983,10.22,-1.04,3.44,-0.21,-0.14,-0.25
1,5,994,10.15,-1,3.35,-0.21,-0.17,-0.28
1,5,1004,9.99,-1.15,3.39,-0.2,-0.17,-0.31
1,5,1013,9.82,-1.12,3.3,-0.17,-0.22,-0.34
1,5,1023,9.72,-1.11,3.33,-0.13,-0.27,-0.37
1,5,1033,9.63,-1.17,3.2,-0.09,-0.29,-0.38
1,5,1043,9.47,-1.11,3.23,-0.06,-0.29,-0.38
1,5,1054,9.36,-1.22,3.08,-0.05,-0.31,-0.37
1,5,1063,9.44,-1.24,3.01,-0.03,-0.38,-0.38
1,5,1076,9.41,-1.19,2.98,-0.01,-0.37,-0.38
1,5,1083,9.42,-1.17,3.03,0.02,-0.37,-0.38
1,5,1093,9.42,-1.15,3.01,0.06,-0.35,-0.37
1,5,1107,9.47,-1.07,3.23,0.11,-0.39,-0.35
1,5,1114,9.6,-1.05,3.42,0.2,-0.46,-0.35
1,5,1123,9.87,-0.91,3.28,0.29,-0.48,-0.36
1,6,0,8.67,3.38,-1.08,-0.1,0.36,0.1
1,6,10,8.54,2.47,-1.27,-0.13,0.3,0.09
1,6,20,8.16,3.28,-1.04,-0.13,0.48,0.13
1,6,32,8.18,3.33,-0.83,-0.2,0.5,0.16
1,6,40,8.44,2.64,-1.07,-0.22,0.31,0.21
1,6,50,7.65,2.93,-0.67,-0.23,0.35,0.26
1,6,60,8.25,3.4,-0.29,-0.23,0.4,0.26
1,6,71,7.92,3,-0.2,-0.23,0.38,0.35
1,6,81,7.62,3.06,-0.07,-0.24,0.4,0.44
1,6,91,7.33,3.07,0.33,-0.25,0.43,0.55
1,6,101,6.94,2.81,0.68,-0.26,0.42,0.66
1,6,111,6.65,2.59,1.1,-0.25,0.42,0.76
1,6,121,6.3,2.35,1.63,-0.21,0.38,0.88
1,6,131,5.89,1.89,2.12,-0.15,0.33,1.01
1,6,141,5.78,1.58,2.62,-0.06,0.29,1.18
1,6,151,5.88,1.23,3.12,0.07,0.3,1.4
1,6,161,6.25,0.94,3.34,0.27,0.3,1.65
1,6,171,6.9,0.88,3.71,0.48,0.36,1.89
1,6,183,7.38,0.46,4.02,0.69,0.52,2.15
1,6,191,8.12,0,4.04,0.89,0.72,2.38
1,6,204,8.96,-0.23,4.06,1.11,0.82,2.56
1,6,211,10.31,-0.42,4.21,1.35,0.83,2.66
1,6,221,11.65,-0.61,4.3,1.57,0.84,2.69
1,6,231,12.83,-1.02,4.29,1.83,0.82,2.65
1,6,241,14.09,-1.48,4.36,2.08,0.74,2.51
1,6,251,15.29,-1.82,4.21,2.34,0.69,2.32
1,6,261,16.25,-2.53,3.89,2.62,0.61,2.1
1,6,271,17.37,-2.91,3.46,2.91,0.45,1.84
1,6,282,18.56,-2.84,3.02,3.23,0.31,1.5
1,6,291,19.35,-2.83,2.22,3.51,0.23,1.04
1,6,301,19.61,-2.72,1.12,3.7,0.24,0.55
1,6,312,19.61,-2.34,-0.12,3.79,0.13,0.04
1,6,321,19.61,-1.81,-1.33,3.72,0.12,-0.47
1,6,331,19.61,-1.57,-2.27,3.48,0.3,-0.97
1,6,341,18.81,-1.5,-3.02,3.18,0.39,-1.44
1,6,351,18.03,-1.08,-4.01,2.9,0.41,-1.82
1,6,361,16.67,-0.71,-5,2.65,0.32,-2.15
1,6,371,15.51,-0.28,-5.66,2.33,0.08,-2.46
1,6,381,14.81,0.3,-6.29,1.97,-0.1,-2.77
1,6,392,13.44,0.61,-6.53,1.58,-0.23,-3.09
1,6,404,11.85,0.96,-7.21,1.16,-0.5,-3.33
1,6,415,10.74,0.85,-7.57,0.76,-0.51,-3.35
1,6,424,9.48,1.41,-7.89,0.34,-0.38,-3.26
1,6,434,8.2,1.65,-8.14,-0.11,-0.29,-3.12
1,6,444,7.05,1.88,-8.14,-0.55,-0.26,-2.9
1,6,454,6.09,1.99,-7.88,-0.95,-0.14,-2.63
1,6,464,5.24,2.03,-7.64,-1.29,0.03,-2.33
1,6,474,4.53,2.03,-7.06,-1.57,0.19,-2.04
1,6,486,3.79,1.93,-6.49,-1.78,0.23,-1.79
1,6,495,3.22,1.79,-5.87,-1.93,0.25,-1.52
1,6,504,2.82,1.89,-5.59,-2.03,0.23,-1.27
1,6,514,2.27,1.75,-5.15,-2.13,0.24,-1.01
1,6,524,1.8,1.63,-4.8,-2.25,0.12,-0.77
1,6,534,1.73,1.59,-4.41,-2.36,0.04,-0.5
1,6,544,1.71,1.34,-3.82,-2.5,0.07,-0.2
1,6,554,1.64,1.08,-3.21,-2.64,0.12,0.11
1,6,564,1.43,0.56,-2.41,-2.75,0.19,0.44
1,6,574,1.35,0.23,-1.73,-2.82,0.21,0.77
1,6,584,1.55,-0.41,-1.12,-2.84,0.21,1.11
1,6,595,1.65,-0.85,-0.41,-2.84,0.19,1.5
1,6,604,2.18,-1.2,0.23,-2.84,0.16,1.86
1,6,614,2.99,-1.36,0.82,-2.83,0.22,2.26
1,6,624,3.82,-1.56,1.7,-2.79,0.38,2.62
1,6,634,4.71,-1.63,2.37,-2.72,0.42,2.89
1,6,644,5.69,-1.71,2.91,-2.61,0.4,3.08
1,6,654,6.44,-2.03,3.45,-2.5,0.42,3.22
1,6,664,7.56,-2.07,3.95,-2.39,0.52,3.32
1,6,676,8.69,-2.29,4.39,-2.3,0.58,3.41
1,6,684,9.96,-2.1,4.63,-2.16,0.63,3.43
1,6,696,11.65,-2.02,4.98,-2.02,0.64,3.4
1,6,704,13.17,-1.93,5.31,-1.9,0.73,3.28
1,6,714,14.3,-1.86,5.54,-1.78,0.79,3.04
1,6,724,15.22,-1.86,5.8,-1.64,0.76,2.68
1,6,734,15.58,-1.81,5.9,-1.5,0.62,2.23
1,6,744,15.59,-1.9,5.81,-1.36,0.41,1.73
1,6,754,15.35,-1.93,5.79,-1.23,0.17,1.23
1,6,764,14.92,-2.01,5.76,-1.12,-0.06,0.8
1,6,774,14.63,-2.16,5.73,-1.03,-0.24,0.5
1,6,784,14.54,-2.14,5.63,-0.94,-0.27,0.34
1,6,794,14.51,-2.07,5.6,-0.84,-0.16,0.27
1,6,805,14.28,-1.91,5.5,-0.72,-0.05,0.25
1,6,814,14.17,-1.64,5,-0.59,0.08,0.2
1,6,825,13.85,-1.51,4.82,-0.5,0.17,0.12
1,6,834,13.4,-1.28,4.18,-0.45,0.2,-0.01
1,6,844,13.01,-1.15,3.89,-0.43,0.16,-0.17
1,6,854,12.57,-1.05,3.71,-0.46,0.08,-0.36
1,6,864,12,-0.99,3.5,-0.49,-0.04,-0.53
1,6,874,11.61,-0.96,3.61,-0.49,-0.17,-0.67
1,6,884,11.31,-1.01,3.76,-0.47,-0.2,-0.76
1,6,897,10.77,-1.11,3.73,-0.43,-0.21,-0.79
1,6,904,10.37,-1.13,3.78,-0.38,-0.22,-0.78
1,6,914,10.01,-1.12,3.74,-0.32,-0.23,-0.74
1,6,924,9.7,-1.2,3.7,-0.28,-0.2,-0.69
1,6,934,9.51,-1.28,3.6,-0.25,-0.18,-0.62
1,6,944,9.24,-1.24,3.65,-0.22,-0.17,-0.55
1,6,954,9.24,-1.21,3.71,-0.18,-0.22,-0.49
1,6,964,9.23,-1.15,3.79,-0.13,-0.26,-0.47
1,6,974,9.33,-1.22,3.66,-0.07,-0.3,-0.46
1,6,984,9.5,-1.07,3.42,-0.01,-0.32,-0.44
1,6,994,9.49,-1.05,3.34,0.03,-0.3,-0.41
1,6,1004,9.76,-0.91,3.14,0.06,-0.27,-0.4
1,6,1014,9.76,-0.86,3.06,0.07,-0.17,-0.41
1,6,1024,9.59,-0.86,3.05,0.08,-0.1,-0.43
1,6,1034,9.52,-0.69,2.99,0.08,-0.11,-0.44
1,6,1044,9.46,-0.66,2.88,0.11,-0.15,-0.43
1,6,1054,9.5,-0.62,2.8,0.13,-0.18,-0.42
1,6,1064,9.56,-0.58,2.79,0.14,-0.2,-0.41
1,7,0,6.81,3.78,-0.23,-0.09,-0.07,-0.34
1,7,10,7.36,3.07,-0.43,-0.14,-0.15,-0.31
1,7,20,6.78,2.79,-0.32,-0.14,-0.19,-0.16
1,7,30,6.81,2.74,0.09,-0.14,-0.03,-0.05
1,7,40,6.72,2.72,0.19,-0.11,0.05,0.06
1,7,55,6.51,2.71,0.17,-0.05,0.01,0.15
1,7,60,6.34,2.56,0.11,0.01,-0.12,0.22
1,7,71,6.31,2.55,-0.34,0.03,-0.33,0.3
1,7,80,6.22,2.48,-0.31,-0.03,-0.35,0.42
1,7,90,6.08,2.63,-0.05,-0.16,-0.09,0.62
1,7,102,5.78,2.61,0.23,-0.29,0.22,0.87
1,7,110,5.26,2.47,0.72,-0.36,0.44,1.13
1,7,120,4.8,2.1,1.39,-0.33,0.47,1.32
1,7,134,4.54,1.8,2.04,-0.24,0.36,1.47
1,7,140,4.58,1.55,3.08,-0.12,0.24,1.64
1,7,150,4.79,1.12,3.73,0,0.2,1.84
1,7,160,4.68,0.5,4.19,0.18,0.17,2.08
1,7,170,5.04,0.06,4.6,0.43,0.04,2.32
1,7,180,5.72,-0.32,4.9,0.69,-0.08,2.58
1,7,190,6.53,-1.16,5.24,0.97,-0.12,2.77
1,7,200,8,-1.68,5.44,1.31,-0.12,2.94
1,7,210,9.8,-1.92,5.32,1.74,-0.18,3.05
1,7,220,11.38,-2.31,5.09,2.18,-0.18,3.06
1,7,230,13.05,-2.62,4.79,2.59,-0.17,3
1,7,240,14.29,-2.79,4.34,2.96,-0.15,2.89
1,7,251,15.26,-3.27,3.57,3.31,0,2.76
1,7,260,15.99,-3.72,3.02,3.59,0.05,2.64
1,7,270,17.34,-3.79,2.47,3.91,0.06,2.47
1,7,280,18.99,-3.97,1.41,4.25,0.07,2.19
1,7,291,19.61,-3.43,0.05,4.37,0.25,1.76
1,7,300,19.61,-2.94,-1.59,4.37,0.52,1.17
1,7,310,19.61,-2.44,-3.19,4.37,0.53,0.51
1,7,320,19.61,-1.76,-4.84,4,0.57,-0.15
1,7,330,19.61,-1.15,-6.08,3.5,0.9,-0.73
1,7,340,19.61,-0.75,-6.83,2.98,1.13,-1.27
1,7,350,19.61,-0.09,-7.21,2.52,1.13,-1.81
1,7,362,19.59,0.36,-7.97,2.13,1.11,-2.37
1,7,371,18.15,0.47,-8.45,1.7,0.88,-2.95
1,7,380,16.84,0.92,-8.91,1.24,0.62,-3.46
1,7,390,14.63,0.88,-8.95,0.77,0.44,-3.91
1,7,400,12.48,0.66,-9.17,0.31,0.23,-4.21
1,7,410,10.39,0.59,-8.93,-0.1,-0.06,-4.34
1,7,420,8.63,0.44,-8.78,-0.5,-0.42,-4.29
1,7,430,6.78,0.37,-8.71,-0.9,-0.43,-4.07
1,7,440,5.09,0.13,-8.19,-1.31,-0.12,-3.68
1,7,450,3.32,0.16,-7.88,-1.67,0.15,-3.15
1,7,460,1.97,0.27,-7.28,-1.95,0.41,-2.53
1,7,470,0.88,0.23,-6.84,-2.14,0.56,-1.91
1,7,482,0.37,0.51,-6.33,-2.29,0.57,-1.36
1,7,490,0.08,0.34,-5.52,-2.42,0.6,-0.88
1,7,500,-0.04,0.5,-4.85,-2.55,0.53,-0.46
1,7,510,0.1,0.44,-4.16,-2.66,0.35,-0.09
1,7,520,0.21,0.18,-3.36,-2.76,0.26,0.28
1,7,530,0.54,-0.04,-2.65,-2.87,0.23,0.67
1,7,540,0.85,-0.38,-1.83,-2.91,0.18,1.05
1,7,550,1.37,-0.67,-1.07,-2.91,0.14,1.46
1,7,560,2.18,-0.86,-0.43,-2.88,0.11,1.89
1,7,570,3.11,-1.08,0.41,-2.84,0.11,2.3
1,7,580,4.24,-1.3,1.05,-2.77,0.07,2.64
1,7,590,5.49,-1.6,1.63,-2.67,0.04,2.94
1,7,600,6.83,-1.82,2.25,-2.54,0.1,3.19
1,7,613,8.41,-2.05,2.79,-2.43,0.24,3.35
1,7,620,9.82,-2.09,3.18,-2.36,0.45,3.42
1,7,630,11.05,-2.15,3.62,-2.31,0.62,3.36
1,7,640,12.23,-2.07,3.65,-2.26,0.7,3.19
1,7,650,13.22,-2.28,4.08,-2.18,0.73,2.96
1,7,660,14.04,-2.15,4.28,-2.1,0.68,2.65
1,7,671,14.56,-2.24,4.63,-1.99,0.56,2.29
1,7,680,15,-2.29,5.04,-1.87,0.49,1.9
1,7,690,15.01,-2.39,5.25,-1.75,0.41,1.52
1,7,700,14.78,-2.48,5.57,-1.6,0.31,1.13
1,7,710,14.62,-2.38,5.63,-1.45,0.2,0.78
1,7,720,14.19,-2.4,5.72,-1.28,0.06,0.47
1,7,730,13.61,-2.27,5.57,-1.13,-0.03,0.24
1,7,744,12.9,-2.17,5.2,-0.99,-0.11,0.03
1,7,754,12.46,-2,5.13,-0.92,-0.11,-0.07
1,7,764,12.11,-1.95,4.9,-0.86,-0.09,-0.13
1,7,775,12.03,-1.64,4.83,-0.78,-0.06,-0.16
1,7,784,11.9,-1.53,4.81,-0.7,-0.02,-0.22
1,7,794,11.56,-1.47,4.67,-0.62,0.01,-0.29
1,7,804,11.29,-1.26,4.4,-0.55,0.04,-0.35
1,7,816,10.77,-1.31,4.15,-0.47,0.02,-0.39
1,7,824,10.44,-1.25,3.85,-0.42,-0.04,-0.42
1,7,834,10.16,-1.15,3.66,-0.4,-0.09,-0.46
1,7,844,9.93,-1.15,3.47,-0.4,-0.15,-0.48
1,7,854,9.71,-1.16,3.41,-0.4,-0.18,-0.49
1,7,864,9.56,-1.07,3.45,-0.4,-0.19,-0.48
1,7,874,9.43,-1.05,3.53,-0.38,-0.2,-0.45
1,7,884,9.33,-1.06,3.52,-0.33,-0.21,-0.41
1,7,894,9.37,-1.05,3.33,-0.28,-0.24,-0.38
1,7,904,9.3,-1.06,3.4,-0.22,-0.28,-0.37
1,7,914,9.3,-1.09,3.29,-0.16,-0.31,-0.35
1,7,924,9.26,-1.09,3.26,-0.12,-0.3,-0.31
1,7,934,9.31,-1.12,3.11,-0.09,-0.29,-0.27
1,7,944,9.3,-1.08,2.94,-0.06,-0.26,-0.23
1,7,954,9.31,-1.03,2.79,-0.05,-0.21,-0.2
1,7,964,9.41,-1.03,2.92,-0.05,-0.2,-0.19
1,7,976,9.4,-0.85,2.7,-0.03,-0.17,-0.18
1,7,984,9.48,-0.85,2.74,-0.01,-0.13,-0.18
1,7,994,9.73,-0.73,2.6,0.01,-0.14,-0.18
1,7,1004,9.73,-0.77,2.33,0.01,-0.05,-0.17
1,7,1016,9.63,-0.78,2.13,-0.03,0.05,-0.16
1,7,1024,9.95,-0.58,2.28,-0.07,0.07,-0.15
1,8,0,5.68,2.44,-0.11,-0.09,0.43,-0.36
1,8,12,5.66,2.29,0.89,-0.04,0.87,-0.14
1,8,20,4.86,1.66,1.21,0.08,1.1,0.23
1,8,30,3.77,1.44,1.18,0.25,1.13,0.67
1,8,40,3.19,1.3,1.19,0.37,1.06,1.09
1,8,50,3.41,1.43,1.68,0.35,1.16,1.47
1,8,60,3.34,1.35,1.85,0.27,1.29,1.75
1,8,70,3.44,1.26,2.32,0.22,1.37,1.95
1,8,80,3.3,0.99,3,0.19,1.38,2.1
1,8,91,3.03,0.59,3.76,0.17,1.29,2.23
1,8,100,2.8,0.04,4.58,0.2,1.08,2.36
1,8,110,2.88,-0.57,5.51,0.3,0.85,2.49
1,8,120,3.43,-1.18,6.26,0.5,0.58,2.69
1,8,130,4.28,-1.75,6.9,0.79,0.34,2.91
1,8,140,5.48,-2.31,7.34,1.15,0.13,3.12
1,8,150,6.94,-2.89,7.48,1.57,0,3.31
1,8,160,8.59,-3.63,7.7,2,-0.06,3.51
1,8,173,10.35,-4.22,7.5,2.45,-0.08,3.69
1,8,180,12.28,-4.84,7.03,2.93,-0.09,3.8
1,8,193,14.28,-4.89,6.48,3.42,-0.17,3.81
1,8,200,16.47,-6.01,5.67,3.93,-0.16,3.67
1,8,210,19.45,-5.48,4.21,4.37,-0.11,3.37
1,8,220,19.61,-5.27,2.78,4.37,-0.17,2.88
1,8,233,19.61,-4.67,0.83,4.37,-0.19,2.22
1,8,240,19.61,-3.86,-0.85,4.37,-0.31,1.49
1,8,250,19.61,-3.11,-2.28,4.37,-0.39,0.69
1,8,260,19.61,-2.62,-3.24,4.08,-0.49,-0.09
1,8,270,19.61,-2.08,-4.17,3.69,-0.36,-0.76
1,8,280,19.61,-1.48,-5.07,3.3,-0.13,-1.34
1,8,291,19.61,-1.24,-5.5,2.92,0.01,-1.87
1,8,300,19.61,-0.68,-6.3,2.57,0.11,-2.38
1,8,310,19.61,-0.19,-7.15,2.2,0.12,-2.88
1,8,320,18.03,0.25,-7.69,1.77,0.1,-3.35
1,8,330,16,0.59,-7.81,1.32,0.01,-3.78
1,8,340,13.77,0.66,-8.51,0.84,-0.18,-4.14
1,8,350,11.58,0.57,-8.54,0.34,-0.36,-4.37
1,8,360,9.67,0.45,-8.5,-0.19,-0.48,-4.37
1,8,370,7.9,0.44,-8.36,-0.69,-0.49,-4.27
1,8,382,6.33,0.44,-8.06,-1.13,-0.38,-3.93
1,8,391,4.78,0.43,-7.76,-1.53,-0.28,-3.44
1,8,401,3.48,0.53,-7.18,-1.84,-0.01,-2.97
1,8,411,2.42,0.52,-6.61,-2.12,0.19,-2.51
1,8,422,1.66,0.56,-6.14,-2.3,0.26,-2.1
1,8,431,1.05,0.47,-5.34,-2.39,0.31,-1.74
1,8,441,0.43,0.4,-4.69,-2.41,0.21,-1.43
1,8,455,0.13,0.37,-4.06,-2.42,-0.01,-1.1
1,8,461,-0.2,0.2,-3.48,-2.47,-0.18,-0.74
1,8,471,-0.3,-0.03,-2.94,-2.55,-0.28,-0.34
1,8,481,-0.22,-0.22,-2.37,-2.63,-0.31,0.09
1,8,491,0.06,-0.51,-1.7,-2.68,-0.27,0.54
1,8,501,0.53,-0.68,-0.96,-2.71,-0.17,0.99
1,8,511,1.09,-0.82,-0.44,-2.7,-0.11,1.43
1,8,521,1.72,-1.07,0.32,-2.67,-0.01,1.82
1,8,532,2.45,-1.24,0.93,-2.65,-0.01,2.17
1,8,543,3.41,-1.44,1.53,-2.57,-0.1,2.49
1,8,551,4.75,-1.64,2.09,-2.45,-0.15,2.78
1,8,561,6.33,-1.56,2.34,-2.32,-0.14,3.02
1,8,571,7.97,-1.48,2.35,-2.24,-0.06,3.19
1,8,581,9.39,-1.28,2.28,-2.24,0.19,3.27
1,8,591,10.57,-1.33,2.28,-2.3,0.36,3.25
1,8,603,11.67,-1.44,2.41,-2.31,0.41,3.15
1,8,611,12.81,-1.41,2.72,-2.29,0.39,2.97
1,8,621,13.85,-1.53,3.11,-2.22,0.37,2.72
1,8,631,14.41,-1.67,3.45,-2.15,0.35,2.41
1,8,641,14.78,-1.67,3.76,-2.06,0.35,2.08
1,8,651,14.81,-1.76,3.9,-1.98,0.3,1.75
1,8,661,14.54,-2.11,4.12,-1.89,0.19,1.44
1,8,671,14.51,-2.18,4.25,-1.81,0.06,1.17
1,8,681,14.6,-2.14,4.35,-1.74,0,0.94
1,8,691,14.55,-2.09,4.56,-1.66,0.01,0.75
1,8,703,14.37,-1.98,4.7,-1.57,-0.02,0.56
1,8,712,14.1,-1.85,4.77,-1.45,-0.03,0.38
1,8,721,13.88,-1.75,4.8,-1.35,-0.05,0.24
1,8,731,13.67,-1.67,4.64,-1.25,-0.07,0.1
1,8,741,13.42,-1.58,4.62,-1.17,-0.06,-0.03
1,8,751,13.14,-1.53,4.46,-1.12,-0.04,-0.16
1,8,761,12.91,-1.35,4.34,-1.09,0,-0.28
1,8,771,12.52,-1.35,4.29,-1.07,0.01,-0.4
1,8,781,11.98,-1.41,4.33,-1.03,0,-0.51
1,8,791,11.55,-1.29,4.47,-0.97,-0.03,-0.61
1,8,801,11.03,-1.35,4.47,-0.89,-0.07,-0.68
1,8,811,10.58,-1.38,4.41,-0.8,-0.1,-0.71
1,8,821,10.29,-1.44,4.39,-0.73,-0.15,-0.73
1,8,831,9.96,-1.44,4.24,-0.67,-0.15,-0.71
1,8,841,9.57,-1.41,4.03,-0.61,-0.13,-0.67
1,8,851,9.28,-1.28,4.08,-0.55,-0.12,-0.6
1,8,861,9.14,-1.24,4.05,-0.48,-0.13,-0.54
1,8,871,9.1,-1.16,4.03,-0.4,-0.14,-0.49
1,8,881,9.04,-1.12,3.76,-0.33,-0.14,-0.45
1,8,891,9.06,-1.01,3.6,-0.26,-0.16,-0.42
1,8,901,9.07,-0.96,3.46,-0.2,-0.2,-0.38
1,8,911,9.15,-0.85,3.4,-0.15,-0.2,-0.35
1,8,921,9.16,-0.74,3.15,-0.12,-0.2,-0.32
1,8,931,9.11,-0.67,3.06,-0.1,-0.19,-0.29
1,8,942,9.18,-0.65,2.91,-0.08,-0.2,-0.26
1,8,951,9.31,-0.57,2.93,-0.06,-0.19,-0.23
1,8,962,9.44,-0.59,2.69,-0.06,-0.15,-0.2
1,8,971,9.37,-0.53,2.68,-0.06,-0.14,-0.19
1,8,981,9.53,-0.53,2.52,-0.06,-0.14,-0.18
1,8,991,9.56,-0.5,2.49,-0.04,-0.13,-0.19
1,8,1001,9.69,-0.4,2.5,-0.02,-0.12,-0.22
1,8,1013,9.78,-0.39,2.39,0.01,-0.13,-0.24
1,8,1021,9.9,-0.41,2.44,0.02,-0.1,-0.25
1,8,1031,10.01,-0.33,2.29,0.02,-0.07,-0.27
1,8,1041,10.02,-0.29,2.27,0.02,-0.09,-0.29
1,8,1051,10.09,-0.34,2.3,0.03,-0.13,-0.29
1,8,1061,10.11,-0.28,2.24,0.04,-0.14,-0.27
1,8,1071,10.14,-0.33,2.3,0.05,-0.12,-0.24
1,9,0,6.4,2.66,0.11,-0.13,0.14,-0.23
1,9,9,5.94,2.5,0.28,-0.11,0.06,-0.17
1,9,19,6.15,2.2,0.46,-0.06,-0.04,-0.09
1,9,28,6.09,2.24,0.63,-0.03,0,0.04
1,9,38,6.11,1.92,0.8,-0.01,0.06,0.22
1,9,48,5.85,1.81,0.82,0.01,0.08,0.43
1,9,58,5.99,1.82,1.21,0.03,0.17,0.63
1,9,68,5.98,1.72,1.45,0.07,0.25,0.82
1,9,81,6.05,1.72,1.76,0.12,0.27,0.98
1,9,88,6.03,1.53,2.11,0.19,0.35,1.12
1,9,98,5.9,1.35,2.51,0.24,0.56,1.3
1,9,108,5.23,0.9,2.67,0.28,0.69,1.51
1,9,118,5.09,0.44,3.14,0.32,0.73,1.74
1,9,128,4.99,0,3.45,0.41,0.65,1.98
1,9,141,5.66,-0.3,3.96,0.56,0.47,2.2
1,9,148,6.9,-0.52,4.55,0.77,0.28,2.41
1,9,158,8.48,-0.83,4.7,1.04,0.2,2.59
1,9,168,9.7,-1.24,4.98,1.37,0.19,2.71
1,9,178,11.06,-1.77,4.96,1.74,0.2,2.77
1,9,188,12.5,-2.18,4.98,2.2,0.11,2.79
1,9,198,14.51,-2.67,4.77,2.69,0.09,2.76
1,9,208,16.52,-3.08,4.69,3.18,0.25,2.62
1,9,218,17.81,-3.53,4.54,3.65,0.34,2.31
1,9,228,18.74,-3.71,3.9,4.11,0.2,1.88
1,9,238,19.61,-3.8,2.88,4.37,0.05,1.38
1,9,248,19.61,-3.04,1.24,4.37,0.02,0.84
1,9,258,19.61,-2.11,-0.83,4.37,0.2,0.23
1,9,269,19.61,-1.48,-2.3,4.33,0.16,-0.46
1,9,278,19.53,-0.42,-4.16,3.82,0.11,-1.13
1,9,288,18.26,0.6,-5.62,3.25,-0.1,-1.76
1,9,298,17.02,0.94,-6.71,2.61,-0.21,-2.3
1,9,309,15.76,1.55,-7.33,1.94,-0.16,-2.73
1,9,318,14.07,1.66,-7.34,1.31,-0.11,-3.06
1,9,330,12.56,1.89,-7.55,0.77,-0.17,-3.27
1,9,340,10.93,2.05,-7.84,0.3,-0.22,-3.32
1,9,348,9.31,2.07,-7.68,-0.15,-0.14,-3.25
1,9,361,7.87,2.17,-7.49,-0.57,0.02,-3.07
1,9,370,6.64,2.26,-7.19,-0.97,0.12,-2.78
1,9,378,5.32,2.06,-6.78,-1.32,0.27,-2.39
1,9,388,4.13,1.97,-6.68,-1.61,0.51,-1.95
1,9,398,3.14,1.85,-6.2,-1.89,0.67,-1.5
1,9,410,2.23,1.65,-5.87,-2.18,0.73,-1.08
1,9,418,1.77,1.42,-4.88,-2.43,0.71,-0.72
1,9,428,1.6,1.22,-4.01,-2.6,0.73,-0.38
1,9,438,1.53,1.11,-3.09,-2.68,0.59,-0.04
1,9,448,1.65,0.84,-2.49,-2.68,0.49,0.35
1,9,458,2,0.51,-1.92,-2.67,0.46,0.79
1,9,468,2.5,0.37,-1.55,-2.72,0.43,1.23
1,9,478,3.06,0.15,-1.05,-2.78,0.49,1.61
1,9,488,3.74,0.21,-0.7,-2.83,0.45,1.97
1,9,498,4.56,-0.17,-0.26,-2.85,0.4,2.29
1,9,511,5.58,-0.41,0.44,-2.86,0.4,2.58
1,9,518,6.89,-0.54,1.17,-2.88,0.49,2.87
1,9,528,8.15,-1.05,1.9,-2.87,0.75,3.12
1,9,540,9.57,-1.12,2.86,-2.83,1.13,3.29
1,9,549,10.73,-1.49,3.7,-2.73,1.36,3.31
1,9,559,11.69,-1.78,4.54,-2.57,1.41,3.18
1,9,569,12.6,-2.02,5.2,-2.36,1.26,2.89
1,9,579,13.37,-2.33,5.8,-2.1,0.98,2.52
1,9,589,13.92,-2.51,6.24,-1.83,0.79,2.06
1,9,599,14.21,-2.6,6.29,-1.58,0.66,1.62
1,9,609,14.02,-2.75,6.18,-1.36,0.46,1.2
1,9,621,13.67,-2.75,5.88,-1.17,0.18,0.81
1,9,629,13.5,-2.64,5.78,-1.02,-0.03,0.47
1,9,641,13.16,-2.59,5.59,-0.89,-0.14,0.19
1,9,649,12.79,-2.38,5.42,-0.77,-0.21,-0.02
1,9,659,12.44,-2.24,5.16,-0.65,-0.27,-0.17
1,9,669,11.98,-2.01,4.92,-0.55,-0.22,-0.23
1,9,679,11.58,-1.9,4.67,-0.48,-0.12,-0.23
1,9,689,11.11,-1.68,4.24,-0.42,-0.07,-0.21
1,9,699,10.83,-1.51,3.98,-0.38,-0.06,-0.19
1,9,709,10.61,-1.35,3.75,-0.35,-0.08,-0.2
1,9,719,10.37,-1.09,3.53,-0.33,-0.07,-0.22
1,9,729,10.18,-1.07,3.43,-0.32,-0.09,-0.26
1,9,741,9.92,-1.05,3.28,-0.3,-0.15,-0.3
1,9,749,9.84,-1.04,3.21,-0.29,-0.19,-0.33
1,9,762,9.74,-1.08,3.06,-0.27,-0.25,-0.35
1,9,770,9.71,-1,2.99,-0.26,-0.33,-0.37
1,9,780,9.7,-0.99,2.94,-0.26,-0.39,-0.39
1,9,790,9.56,-1.04,2.8,-0.28,-0.38,-0.38
1,9,801,9.48,-1.03,2.84,-0.29,-0.37,-0.36
1,9,810,9.38,-1.03,2.81,-0.29,-0.35,-0.32
1,9,820,9.29,-1.01,2.84,-0.28,-0.33,-0.28
1,9,830,9.25,-1.05,2.83,-0.26,-0.28,-0.24
1,9,840,9.34,-1.02,2.86,-0.23,-0.25,-0.19
1,9,850,9.36,-0.97,2.71,-0.21,-0.27,-0.16
1,9,860,9.3,-0.96,2.64,-0.2,-0.3,-0.14
1,9,870,9.46,-1.02,2.64,-0.19,-0.32,-0.13
1,9,881,9.55,-0.96,2.51,-0.2,-0.3,-0.12
1,9,890,9.52,-1.02,2.49,-0.22,-0.25,-0.11
1,9,900,9.58,-1,2.53,-0.25,-0.22,-0.1
1,9,910,9.62,-1.11,2.59,-0.25,-0.2,-0.08
1,9,922,9.54,-1.07,2.71,-0.22,-0.19,-0.08
1,9,930,9.65,-1.03,2.8,-0.17,-0.26,-0.11
1,9,941,9.72,-1.09,2.85,-0.12,-0.29,-0.12
1,9,950,9.76,-1.02,2.76,-0.08,-0.31,-0.13
1,9,960,9.73,-0.98,2.59,-0.07,-0.32,-0.12
1,10,0,5.35,2.65,-0.39,-0.3,-0.5,-0.7
1,10,8,7.84,2.68,-1.27,-0.35,-0.4,-0.56
1,10,18,7.6,2.88,-1.09,-0.39,-0.25,-0.39
1,10,28,7.37,2.92,-0.67,-0.4,-0.17,-0.24
1,10,38,7.25,3.05,-0.45,-0.38,-0.12,-0.08
1,10,48,7.03,3.01,-0.25,-0.35,-0.05,0.11
1,10,58,7.02,2.68,-0.09,-0.31,0.06,0.35
1,10,68,6.97,2.47,0.31,-0.26,0.19,0.56
1,10,78,6.92,2.18,0.57,-0.19,0.25,0.73
1,10,88,6.9,2.17,0.85,-0.1,0.3,0.88
1,10,98,6.89,1.93,1.07,0.03,0.27,1.06
1,10,108,7.1,1.64,1.36,0.15,0.33,1.26
1,10,118,7.13,1.12,1.87,0.26,0.5,1.53
1,10,128,7.29,0.45,2.32,0.36,0.82,1.88
1,10,138,7.61,0.11,2.84,0.51,1.13,2.28
1,10,149,8.35,-0.43,3.28,0.77,1.38,2.67
1,10,159,9.43,-0.63,3.77,1.09,1.49,2.91
1,10,169,10.58,-1.22,4.23,1.46,1.57,3.06
1,10,179,11.86,-1.76,4.56,1.87,1.66,3.12
1,10,189,13.41,-2.06,4.67,2.32,1.59,3.09
1,10,199,14.85,-2.2,4.94,2.81,1.44,2.85
1,10,209,16.12,-2.05,4.79,3.3,1.21,2.41
1,10,219,16.81,-2.13,4.07,3.78,0.79,1.8
1,10,229,17.34,-2.16,2.94,4.21,0.21,1.11
1,10,239,18.31,-1.85,1.92,4.37,-0.29,0.41
1,10,250,18.42,-1.49,0.72,4.37,-0.68,-0.33
1,10,259,18.3,-1.34,-0.8,4.37,-1.03,-1.12
1,10,269,17.7,-0.38,-2.18,4.37,-1.08,-1.85
1,10,279,16.97,-0.34,-3.81,4.36,-1,-2.44
1,10,289,15.63,0.77,-5.78,3.81,-0.78,-2.85
1,10,299,14.76,1.46,-7.36,3.05,-0.34,-3.16
1,10,309,13.66,2.89,-8.95,2.14,0.04,-3.42
1,10,320,11.55,3.41,-9.84,1.13,0.23,-3.72
1,10,329,9.42,3,-9.23,0.14,0.33,-3.9
1,10,339,7.75,2.9,-9.52,-0.69,0.22,-3.8
1,10,349,6.11,2.55,-8.82,-1.23,-0.07,-3.46
1,10,360,4.27,2.1,-8.26,-1.6,0.01,-2.91
1,10,371,2.75,2.64,-7.93,-1.87,-0.06,-2.24
1,10,379,1.89,3.03,-8.49,-2.15,0.29,-1.48
1,10,389,0.99,2.71,-8.27,-2.52,0.42,-0.76
1,10,399,1.23,2.79,-7.33,-2.99,0.66,-0.14
1,10,409,1.28,2.89,-6.03,-3.42,1.08,0.35
1,10,419,1.05,2.4,-5,-3.72,1.25,0.75
1,10,431,0.69,1.23,-4.01,-3.88,1.29,1.25
1,10,439,0.7,0.57,-3.08,-3.89,1.4,1.78
1,10,450,1.21,-0.01,-1.91,-3.89,1.39,2.34
1,10,459,2.01,-0.8,-0.91,-3.93,1.36,2.88
1,10,469,3.25,-1.24,0.26,-3.95,1.53,3.33
1,10,479,4.92,-1.39,1.57,-3.86,1.68,3.72
1,10,489,6.91,-1.57,2.67,-3.67,1.88,4.05
1,10,499,8.33,-1.8,3.69,-3.48,2.17,4.29
1,10,510,9.39,-2.21,4.47,-3.31,2.39,4.35
1,10,519,10.39,-2.31,5.01,-3.09,2.34,4.18
1,10,529,11.48,-2.66,5.82,-2.82,2.02,3.79
1,10,539,12.46,-3.08,6.61,-2.54,1.63,3.23
1,10,549,13.38,-3.24,7.17,-2.26,1.26,2.56
1,10,559,13.88,-3.49,7.49,-1.95,0.84,1.85
1,10,569,14.1,-3.59,7.56,-1.59,0.4,1.14
1,10,579,13.89,-3.62,7.41,-1.23,0.02,0.53
1,10,590,13.51,-3.6,7.14,-0.92,-0.21,0.08
1,10,599,12.96,-3.47,6.56,-0.68,-0.3,-0.17
1,10,610,12.38,-3.13,5.95,-0.53,-0.23,-0.25
1,10,619,11.81,-2.85,5.52,-0.45,-0.11,-0.24
1,10,629,11.28,-2.55,4.99,-0.39,-0.02,-0.19
1,10,639,10.93,-2.3,4.86,-0.32,0.05,-0.13
1,10,649,10.49,-2.07,4.65,-0.23,0.09,-0.09
1,10,659,10.35,-1.75,4.29,-0.14,0.04,-0.1
1,10,669,10.07,-1.68,4.22,-0.06,0,-0.13
1,10,679,9.9,-1.46,3.87,-0.01,-0.02,-0.17
1,10,689,9.71,-1.46,3.44,0.03,-0.08,-0.18
1,10,699,9.51,-1.3,3.29,0.04,-0.13,-0.17
1,10,709,9.47,-1.27,3.16,0.03,-0.15,-0.15
1,10,719,9.49,-1.16,2.95,0,-0.13,-0.11
1,10,729,9.56,-1.09,3.02,-0.04,-0.1,-0.06
1,10,739,9.59,-1.12,2.81,-0.08,-0.08,-0.02
1,10,749,9.58,-1.03,2.96,-0.12,-0.07,-0.01
1,10,759,9.87,-1.05,3.06,-0.13,-0.14,-0.05
1,10,769,10.16,-1.02,2.99,-0.14,-0.17,-0.12
1,10,781,10.12,-1.02,2.8,-0.14,-0.21,-0.22
1,10,789,10.18,-1.1,2.73,-0.15,-0.33,-0.34
1,10,799,10.32,-1.03,2.62,-0.17,-0.38,-0.46
1,10,813,10.28,-1.16,2.72,-0.2,-0.31,-0.56
1,10,819,10.31,-1.05,2.74,-0.24,-0.27,-0.67
1,10,829,10.23,-1,2.49,-0.27,-0.14,-0.74
1,10,840,9.93,-1.08,2.5,-0.29,-0.12,-0.78
1,10,850,9.77,-1.12,2.68,-0.3,-0.14,-0.78
1,10,860,9.55,-1.11,2.86,-0.29,-0.12,-0.72
1,11,0,7,2.84,0.63,-0.19,0.44,-0.01
1,11,13,7.91,2.44,0.31,-0.17,0.44,0.09
1,11,20,7.32,2.01,0.23,-0.13,0.32,0.25
1,11,32,7.44,2.17,0.36,-0.05,0.35,0.39
1,11,40,7.56,2.33,0.53,-0.03,0.37,0.58
1,11,50,7.31,2.12,0.52,-0.06,0.34,0.77
1,11,60,7.24,2.3,0.43,-0.11,0.34,0.92
1,11,71,7.41,2.21,0.79,-0.14,0.45,1.1
1,11,81,7.26,2.02,1.13,-0.18,0.58,1.31
1,11,94,6.84,1.69,1.5,-0.19,0.75,1.53
1,11,100,6.51,1.37,2.01,-0.15,0.89,1.73
1,11,110,6.42,1.14,2.55,-0.08,0.9,1.95
1,11,120,6.34,0.85,3.17,0.03,0.82,2.11
1,11,130,6.51,0.56,3.78,0.16,0.74,2.22
1,11,142,6.61,-0.11,4.2,0.32,0.56,2.3
1,11,150,7.35,-0.6,4.62,0.56,0.42,2.41
1,11,161,8.76,-1.13,4.78,0.87,0.33,2.56
1,11,170,10.08,-1.58,5.1,1.25,0.3,2.67
1,11,180,11.5,-1.88,5.16,1.68,0.2,2.63
1,11,190,13.05,-2.15,5.34,2.14,0.1,2.47
1,11,200,14.09,-2.61,5.37,2.6,-0.06,2.22
1,11,210,15.38,-3.07,5.13,3.06,-0.18,1.93
1,11,220,16.38,-3.37,4.69,3.52,-0.21,1.62
1,11,232,17.1,-3.53,3.97,3.97,-0.36,1.27
1,11,240,17.63,-3.65,3,4.37,-0.62,0.82
1,11,250,17.98,-3.42,2.23,4.37,-0.88,0.3
1,11,260,18.11,-3.33,1.2,4.37,-1.04,-0.26
1,11,270,18.43,-2.95,-0.18,4.37,-1.15,-0.82
1,11,280,18.39,-2.67,-2.06,4.37,-1.18,-1.36
1,11,290,18.5,-1.49,-4.54,4.37,-0.98,-1.87
1,11,300,18.35,-0.23,-7.02,4.06,-0.61,-2.34
1,11,310,17.31,1.27,-8.97,3.04,-0.09,-2.82
1,11,321,16.24,2.16,-10.33,2.01,0.15,-3.39
1,11,332,15.16,3.13,-10.63,1.18,-0.04,-4.04
1,11,340,13.15,2.48,-10.62,0.56,-0.39,-4.37
1,11,352,10.87,1.8,-10.11,0.05,-0.5,-4.37
1,11,360,8.66,1.39,-9.74,-0.39,-0.87,-4.37
1,11,370,6.74,1.26,-9.23,-0.76,-1.04,-4.37
1,11,380,4.93,1.44,-8.7,-1.08,-0.85,-4.23
1,11,394,3.45,1.68,-8.88,-1.43,-0.38,-3.53
1,11,400,1.7,2.27,-9.07,-1.87,0.03,-2.76
1,11,411,-0.09,1.87,-8.82,-2.44,0.29,-1.93
1,11,420,-1.16,1.72,-8.28,-3.02,0.44,-1.1
1,11,430,-1.25,1.46,-7.44,-3.47,0.49,-0.3
1,11,440,-0.95,1.22,-6.42,-3.79,0.49,0.4
1,11,453,-0.74,0.33,-4.81,-4.01,0.67,1
1,11,460,-0.04,0.18,-3.18,-4.11,0.92,1.49
1,11,472,0.5,-0.35,-2,-4.07,0.97,1.95
1,11,480,1.23,-0.68,-0.81,-3.89,1.03,2.42
1,11,490,2.35,-0.74,0.28,-3.7,1.12,2.9
1,11,500,3.6,-0.84,1.06,-3.54,1.17,3.35
1,11,511,4.85,-1.02,1.83,-3.41,1.4,3.73
1,11,520,6.02,-1.31,2.27,-3.3,1.54,4.03
1,11,534,7.51,-2.27,3.08,-3.2,1.69,4.34
1,11,544,9.04,-2.54,4.02,-3.12,1.96,4.37
1,11,554,10.64,-2.73,4.99,-2.99,2.12,4.37
1,11,564,11.61,-3.11,5.86,-2.8,2.19,4.22
1,11,574,12.53,-3.27,6.4,-2.57,2.09,3.88
1,11,584,13.2,-3.36,6.73,-2.26,1.78,3.41
1,11,594,13.75,-3.34,7.03,-1.91,1.3,2.82
1,11,604,14.26,-3.14,7.04,-1.56,0.81,2.15
1,11,616,14.53,-3.08,6.99,-1.26,0.41,1.47
1,11,624,14.32,-3.04,6.45,-1.02,0.07,0.85
1,11,634,14.09,-2.82,6.08,-0.85,-0.25,0.34
1,11,644,13.84,-2.72,5.84,-0.74,-0.39,-0.06
1,11,654,13.17,-2.45,5.56,-0.67,-0.4,-0.3
1,11,664,12.64,-2.35,5.39,-0.59,-0.38,-0.41
1,11,674,12.03,-2.32,4.99,-0.51,-0.34,-0.42
1,11,684,11.51,-2.03,4.98,-0.45,-0.22,-0.39
1,11,696,10.98,-1.97,4.74,-0.41,-0.09,-0.33
1,11,704,10.49,-1.77,4.5,-0.38,-0.03,-0.28
1,11,715,10.24,-1.64,4.34,-0.33,-0.02,-0.26
1,11,724,9.98,-1.46,4.26,-0.28,-0.02,-0.27
1,11,734,9.7,-1.38,4.12,-0.25,-0.04,-0.29
1,11,746,9.45,-1.32,3.88,-0.23,-0.12,-0.32
1,11,754,9.34,-1.3,3.7,-0.24,-0.21,-0.35
1,11,764,9.24,-1.24,3.49,-0.26,-0.26,-0.35
1,11,774,9.1,-1.26,3.52,-0.27,-0.28,-0.34
1,11,785,9.08,-1.28,3.49,-0.25,-0.31,-0.32
1,11,794,9.03,-1.26,3.49,-0.23,-0.32,-0.29
1,11,806,9.05,-1.22,3.57,-0.19,-0.32,-0.25
1,11,815,9.11,-1.16,3.55,-0.14,-0.36,-0.22
1,11,825,9.26,-1.19,3.32,-0.08,-0.4,-0.19
1,11,834,9.42,-1.1,3.34,-0.03,-0.44,-0.17
1,11,844,9.57,-1.12,3.14,-0.01,-0.45,-0.18
1,11,854,9.59,-1.01,3.17,-0.01,-0.45,-0.21
1,11,864,9.73,-1.03,2.99,-0.02,-0.45,-0.25
1,11,874,9.84,-1.02,2.85,-0.03,-0.45,-0.31
1,11,885,9.81,-0.99,2.97,-0.03,-0.46,-0.37
1,11,897,9.88,-1,2.88,-0.02,-0.51,-0.41
1,11,905,9.98,-0.96,2.88,0,-0.48,-0.43
1,11,914,9.98,-0.99,2.92,0.02,-0.42,-0.43
1,11,924,9.95,-0.88,2.79,0.05,-0.4,-0.42
1,11,935,10,-0.78,2.78,0.09,-0.39,-0.42
1,12,0,8.53,3.15,-0.9,0.07,0,0.22
1,12,8,7.9,3.04,-0.88,0.11,-0.04,0.24
1,12,18,7.8,3.05,-0.91,0.13,-0.08,0.27
1,12,28,7.56,2.96,-0.76,0.15,-0.07,0.31
1,12,40,7.44,2.78,-0.59,0.17,-0.09,0.36
1,12,50,7.61,2.86,-0.5,0.18,-0.08,0.45
1,12,58,7.65,2.71,-0.52,0.2,-0.07,0.56
1,12,70,7.76,2.64,-0.29,0.22,-0.05,0.65
1,12,80,7.85,2.53,-0.21,0.25,0.01,0.75
1,12,88,7.84,2.45,-0.14,0.28,0.07,0.87
1,12,103,7.81,2.29,0.09,0.32,0.14,0.99
1,12,108,7.78,2.06,0.22,0.37,0.2,1.12
1,12,118,7.76,1.97,0.57,0.42,0.25,1.25
1,12,128,7.9,1.71,0.88,0.47,0.28,1.37
1,12,138,7.99,1.4,1.17,0.54,0.31,1.49
1,12,148,8.21,0.95,1.55,0.63,0.42,1.65
1,12,160,8.59,0.43,2.12,0.74,0.53,1.84
1,12,168,9.39,-0.15,2.6,0.89,0.65,2.07
1,12,178,10.51,-0.6,3.05,1.09,0.85,2.32
1,12,188,11.71,-0.91,3.67,1.36,1.11,2.5
1,12,198,12.64,-1.35,4.01,1.68,1.24,2.56
1,12,210,13.8,-1.37,4.31,2.07,1.18,2.47
1,12,218,14.82,-1.63,4.27,2.46,1.05,2.26
1,12,228,15.82,-1.88,4.25,2.91,0.81,1.95
1,12,240,16.65,-2.09,3.83,3.39,0.44,1.49
1,12,250,17.51,-2.31,3.08,3.88,0.04,1
1,12,258,18.11,-2.47,2.15,4.34,-0.41,0.47
1,12,268,18.81,-2.35,0.98,4.37,-0.85,-0.08
1,12,278,19.17,-2.05,-0.29,4.37,-1.09,-0.67
1,12,290,19.54,-1.81,-1.95,4.37,-1.26,-1.3
1,12,298,19.18,-1.29,-3.7,4.37,-1.3,-1.96
1,12,308,18.75,-1.07,-5.36,4.37,-1.06,-2.57
1,12,318,17.39,-0.44,-7.31,4.35,-1.2,-3.13
1,12,330,16.08,0.1,-9.4,3.51,-1.22,-3.61
1,12,338,15.62,1.25,-10.64,2.48,-0.86,-4.02
1,12,348,13.66,1.82,-11.28,1.4,-0.48,-4.34
1,12,358,11.65,1.68,-11.29,0.43,-0.19,-4.37
1,12,368,9.58,1.48,-11.22,-0.36,-0.1,-4.37
1,12,378,7.65,1.22,-11.33,-0.96,-0.23,-4.37
1,12,390,5.69,0.98,-11.19,-1.39,-0.21,-4.02
1,12,398,4.03,0.95,-10.86,-1.67,-0.1,-3.38
1,12,409,2.71,1.04,-10.67,-1.89,0.02,-2.63
1,12,419,2.08,1.25,-9.84,-2.06,0.37,-1.92
1,12,428,1.87,1.74,-9.63,-2.3,0.71,-1.38
1,12,438,1.22,1.62,-8.61,-2.64,0.84,-1.03
1,12,448,0.77,1.69,-7.59,-3.04,0.83,-0.78
1,12,458,0.15,1.22,-6.95,-3.36,0.74,-0.46
1,12,468,-0.52,0.65,-6.21,-3.51,0.8,-0.08
1,12,478,-1.27,-0.09,-5.18,-3.61,0.71,0.38
1,12,491,-1.57,-0.68,-3.85,-3.66,0.63,0.85
1,12,498,-1.11,-0.96,-2.61,-3.64,0.58,1.31
1,12,511,-0.91,-1.33,-1.5,-3.54,0.49,1.8
1,12,518,-0.24,-1.55,-0.74,-3.37,0.43,2.28
1,12,528,0.69,-1.79,-0.09,-3.16,0.32,2.79
1,12,538,2.03,-1.76,0.5,-2.93,0.25,3.28
1,12,548,3.68,-1.73,0.99,-2.73,0.26,3.68
1,12,558,5.29,-1.98,1.37,-2.58,0.42,4
1,12,568,7.03,-2.01,1.77,-2.44,0.72,4.23
1,12,578,8.62,-1.92,2,-2.29,0.93,4.35
1,12,588,10.08,-1.95,2.14,-2.13,0.99,4.37
1,12,598,11.67,-2.01,2.52,-2.02,1.06,4.3
1,12,608,13.23,-1.89,2.96,-1.95,1.1,4.13
1,12,618,14.48,-1.96,3.51,-1.9,1.09,3.84
1,12,628,15.56,-1.93,4.1,-1.81,1,3.44
1,12,638,16.3,-1.97,4.7,-1.68,0.87,2.94
1,12,648,16.59,-1.92,5.1,-1.48,0.62,2.37
1,12,658,16.51,-1.86,5.3,-1.25,0.28,1.77
1,12,668,16.33,-1.7,5.27,-1.03,-0.08,1.19
1,12,678,15.89,-1.76,5,-0.84,-0.33,0.68
1,12,688,15.17,-1.71,4.59,-0.73,-0.52,0.31
1,12,700,14.69,-1.57,4.31,-0.67,-0.6,0.06
1,12,710,13.77,-1.43,4.18,-0.65,-0.53,-0.1
1,12,720,13.24,-1.3,4.18,-0.61,-0.45,-0.15
1,12,730,12.7,-1.25,4.02,-0.55,-0.35,-0.16
1,12,740,12.22,-1.12,4.01,-0.47,-0.26,-0.17
1,12,750,11.86,-1.07,3.82,-0.38,-0.19,-0.18
1,12,760,11.39,-1.03,3.73,-0.3,-0.18,-0.22
1,12,770,11.01,-0.93,3.45,-0.21,-0.21,-0.27
1,12,780,10.74,-0.91,3.29,-0.12,-0.23,-0.33
1,12,793,10.36,-0.85,3.13,-0.06,-0.28,-0.37
1,12,800,10.12,-0.82,2.83,-0.02,-0.34,-0.41
1,12,810,10.01,-0.78,2.65,0.01,-0.39,-0.43
1,12,820,9.88,-0.69,2.45,0.04,-0.44,-0.43
1,12,830,9.87,-0.62,2.25,0.08,-0.46,-0.42
1,12,840,9.86,-0.6,2.09,0.11,-0.46,-0.41
1,12,850,9.8,-0.48,1.94,0.15,-0.45,-0.4
1,12,860,9.75,-0.39,1.68,0.17,-0.43,-0.4
1,13,0,8.55,3.24,-0.91,0.07,0.17,0.1
1,13,10,8.45,3.32,-0.8,0.12,0.3,0.18
1,13,20,8.15,3.26,-0.74,0.15,0.46,0.33
1,13,30,7.7,3.16,-0.79,0.18,0.72,0.56
1,13,40,7.54,3.19,-0.9,0.21,0.93,0.81
1,13,50,7.67,3.17,-1.07,0.21,1.02,1.01
1,13,60,7.62,3.17,-0.97,0.16,1.08,1.11
1,13,70,7.55,3.04,-0.75,0.08,1.09,1.12
1,13,81,7.37,2.93,-0.51,0.01,0.97,1.08
1,13,90,6.94,2.5,-0.11,-0.03,0.77,1.02
1,13,100,6.62,2.22,0.55,-0.05,0.59,0.99
1,13,112,6.14,1.85,1.14,-0.03,0.45,1.01
1,13,120,5.78,1.39,1.72,0.02,0.36,1.11
1,13,133,5.52,0.78,2.44,0.11,0.33,1.3
1,13,140,5.3,0.22,2.86,0.23,0.41,1.57
1,13,150,5.26,-0.23,3.36,0.36,0.51,1.92
1,13,160,5.56,-0.7,3.91,0.52,0.65,2.3
1,13,170,6.45,-1.16,4.7,0.71,0.76,2.66
1,13,180,8.19,-1.48,5.54,1,0.78,2.94
1,13,190,10.07,-1.8,6.26,1.45,0.78,3.08
1,13,200,12.11,-2.6,7.19,2.01,0.78,3.07
1,13,210,14.06,-3.33,7.21,2.65,0.97,3.04
1,13,220,15.33,-4.43,7.01,3.31,1.09,2.98
1,13,230,16.76,-4.72,6.34,3.88,1.25,2.84
1,13,240,17.92,-4.63,5.25,4.37,1.08,2.54
1,13,250,18.94,-4.29,4.34,4.37,0.65,1.97
1,13,262,19.61,-3.91,2.77,4.37,0.23,1.23
1,13,270,19.61,-3.02,0.56,4.37,0.13,0.4
1,13,280,19.61,-2.04,-0.94,4.37,-0.17,-0.4
1,13,290,19.61,-1.39,-2.55,4.37,-0.47,-1.14
1,13,301,19.61,-0.41,-4.38,3.87,-0.29,-1.72
1,13,311,19.61,0.48,-6.01,3.29,-0.03,-2.22
1,13,321,19.46,0.76,-6.79,2.67,0.09,-2.7
1,13,330,18,1.47,-7.34,2.1,0.15,-3.15
1,13,340,16,1.21,-7.31,1.66,0.14,-3.54
1,13,350,14.48,1.19,-7.63,1.31,0.04,-3.78
1,13,360,12.82,1.45,-8.05,0.99,-0.04,-3.87
1,13,370,11.26,1.34,-8.35,0.6,0.02,-3.86
1,13,380,9.38,1.66,-8.36,0.16,0.11,-3.81
1,13,390,7.59,1.75,-8.28,-0.28,0.08,-3.69
1,13,400,5.87,1.82,-8.41,-0.67,-0.06,-3.48
1,13,410,4.38,1.71,-8.08,-1.03,-0.29,-3.17
1,13,420,3.21,1.63,-8.19,-1.36,-0.25,-2.73
1,13,430,1.99,1.46,-7.33,-1.68,-0.13,-2.23
1,13,440,1.26,1.29,-6.56,-2.01,0.01,-1.67
1,13,450,0.86,1.18,-5.9,-2.24,0.15,-1.12
1,13,460,0.57,1.1,-4.97,-2.39,0.23,-0.61
1,13,472,0.22,1.12,-4.6,-2.46,0.06,-0.16
1,13,480,-0.02,0.9,-4.1,-2.48,-0.19,0.22
1,13,490,0.11,0.63,-3.45,-2.52,-0.42,0.57
1,13,500,0.23,0.24,-2.97,-2.59,-0.55,0.97
1,13,511,0.45,-0.31,-2.27,-2.66,-0.62,1.45
1,13,521,1.2,-0.74,-1.62,-2.72,-0.43,2
1,13,530,2.56,-0.86,-0.84,-2.71,-0.22,2.54
1,13,542,3.85,-0.97,-0.1,-2.6,-0.1,3.01
1,13,550,5.52,-0.88,0.78,-2.42,0.11,3.35
1,13,560,7.42,-0.85,1.27,-2.21,0.2,3.54
1,13,570,9.2,-0.79,1.61,-2.01,0.19,3.58
1,13,580,10.9,-0.77,1.93,-1.89,0.29,3.51
1,13,590,12.21,-0.68,2.13,-1.86,0.37,3.3
1,13,600,13.39,-0.86,2.58,-1.87,0.36,2.98
1,13,610,14.3,-0.89,2.91,-1.85,0.32,2.59
1,13,620,15.3,-0.93,3.37,-1.77,0.26,2.19
1,13,630,15.78,-0.89,3.86,-1.63,0.11,1.79
1,13,645,16.17,-0.91,4.2,-1.46,-0.01,1.4
1,13,651,16.32,-0.87,4.2,-1.28,-0.01,1.03
1,13,660,16.04,-0.87,4.2,-1.16,0.03,0.77
1,13,673,15.47,-0.74,3.95,-1.06,0.04,0.52
1,13,680,14.95,-0.63,3.72,-0.99,0.06,0.31
1,13,693,14.26,-0.48,3.63,-0.93,0.03,0.08
1,13,703,13.71,-0.38,3.61,-0.89,0.02,-0.09
1,13,713,13.14,-0.29,3.71,-0.83,0,-0.26
1,13,723,12.53,-0.28,3.63,-0.76,0.01,-0.37
1,13,733,11.86,-0.32,3.53,-0.67,0,-0.42
1,13,743,11.19,-0.23,3.46,-0.58,0.01,-0.43
1,13,753,10.73,-0.14,3.28,-0.49,0.01,-0.42
1,13,763,10.18,-0.05,3.22,-0.43,0,-0.4
1,13,773,9.84,0.09,2.93,-0.38,-0.06,-0.39
1,13,783,9.54,0.22,2.82,-0.34,-0.1,-0.38
1,13,793,9.3,0.22,2.8,-0.31,-0.15,-0.37
1,13,803,9.11,0.29,2.68,-0.28,-0.22,-0.37
1,13,815,9,0.43,2.67,-0.24,-0.27,-0.36
1,13,823,8.97,0.43,2.5,-0.21,-0.28,-0.34
1,13,833,8.95,0.37,2.34,-0.17,-0.27,-0.29
1,13,845,8.95,0.4,2.33,-0.14,-0.28,-0.22
1,13,854,9.08,0.39,2.15,-0.11,-0.24,-0.13
1,13,863,9.21,0.39,2.12,-0.09,-0.23,-0.05
1,13,873,9.37,0.46,1.98,-0.08,-0.22,-0.02
1,13,883,9.63,0.52,1.89,-0.06,-0.25,-0.02
1,13,893,9.8,0.54,1.82,-0.05,-0.29,-0.05
1,13,903,9.98,0.66,1.79,-0.04,-0.34,-0.09
1,13,913,9.95,0.61,1.61,-0.04,-0.36,-0.12
1,14,0,8.87,2.94,-1.34,-0.1,0.32,-0.07
1,14,10,9.17,3.06,-1.09,-0.05,0.19,-0.06
1,14,20,9.15,3.03,-1.26,-0.03,0.1,-0.03
1,14,30,8.81,3.06,-1.54,-0.02,0.03,0.03
1,14,40,8.79,3.17,-1.34,-0.03,0.08,0.07
1,14,50,8.56,3.12,-1.38,-0.07,0.12,0.11
1,14,61,8.27,3.19,-1.38,-0.11,0.19,0.15
1,14,70,8.09,3.12,-1.25,-0.14,0.22,0.21
1,14,80,7.76,3.08,-1.22,-0.17,0.22,0.27
1,14,91,7.53,3.02,-1.06,-0.2,0.2,0.32
1,14,100,7.31,2.93,-0.84,-0.21,0.18,0.39
1,14,111,7.07,2.63,-0.6,-0.21,0.2,0.48
1,14,121,6.67,2.41,-0.17,-0.19,0.25,0.6
1,14,130,6.26,2.28,0.1,-0.16,0.31,0.75
1,14,140,5.92,2.09,0.53,-0.11,0.29,0.91
1,14,151,5.71,1.95,0.91,-0.06,0.29,1.07
1,14,160,5.67,1.74,1.36,0,0.3,1.24
1,14,170,5.61,1.49,1.79,0.06,0.37,1.45
1,14,180,5.75,1.11,2.03,0.12,0.44,1.67
1,14,190,5.91,0.65,2.62,0.2,0.51,1.88
1,14,200,6.26,0.09,3.25,0.32,0.53,2.06
1,14,210,7,-0.31,3.63,0.5,0.47,2.19
1,14,220,7.99,-0.76,3.98,0.75,0.39,2.3
1,14,231,9.05,-1.28,4.11,1.06,0.33,2.36
1,14,240,10.02,-1.71,4.4,1.33,0.28,2.39
1,14,251,11.23,-2.41,4.46,1.62,0.25,2.36
1,14,260,12.14,-2.76,4.57,1.83,0.28,2.34
1,14,270,13.48,-3.26,4.62,2.08,0.3,2.3
1,14,280,14.81,-3.54,4.35,2.36,0.33,2.25
1,14,290,16.29,-3.59,3.78,2.66,0.42,2.15
1,14,300,17.55,-3.3,3.12,2.94,0.47,1.95
1,14,310,18.52,-3.28,2.21,3.17,0.49,1.66
1,14,321,19.35,-2.94,1.1,3.32,0.47,1.27
1,14,331,19.61,-2.7,0.04,3.37,0.52,0.84
1,14,340,19.61,-2.5,-0.95,3.32,0.52,0.37
1,14,350,19.61,-2.19,-1.87,3.22,0.55,-0.1
1,14,360,19.61,-2.13,-2.7,3.08,0.64,-0.58
1,14,370,19.61,-1.88,-3.46,2.92,0.63,-1.02
1,14,380,18.96,-1.54,-4.07,2.8,0.52,-1.44
1,14,390,17.8,-1.07,-5.3,2.71,0.31,-1.88
1,14,400,17.14,-0.42,-6.22,2.55,0.13,-2.3
1,14,410,16.03,0.01,-7.54,2.23,-0.09,-2.69
1,14,420,14.76,0.48,-8.09,1.79,-0.23,-3.06
1,14,430,13.35,0.69,-8.57,1.35,-0.33,-3.36
1,14,440,11.86,0.81,-8.53,0.98,-0.49,-3.56
1,14,451,10.39,0.91,-8.34,0.69,-0.6,-3.63
1,14,460,8.92,0.88,-8.17,0.38,-0.61,-3.57
1,14,470,7.48,0.86,-8.13,0.06,-0.46,-3.37
1,14,480,6.07,0.95,-7.78,-0.27,-0.29,-3.06
1,14,491,4.9,1.06,-7.64,-0.57,-0.15,-2.67
1,14,500,4.14,1.28,-7.41,-0.84,-0.02,-2.25
1,14,510,3.63,1.56,-6.94,-1.08,0.1,-1.87
1,14,520,3.19,1.64,-6.44,-1.31,0.16,-1.56
1,14,531,2.81,1.78,-6.14,-1.5,0.16,-1.28
1,14,540,2.51,1.64,-5.7,-1.67,0.14,-1.03
1,14,550,2.18,1.61,-5.07,-1.81,0.09,-0.77
1,14,560,2.04,1.32,-4.63,-1.94,0.07,-0.51
1,14,570,2.03,1.22,-4.09,-2.06,0.1,-0.24
1,14,580,1.98,1.08,-3.66,-2.17,0.12,0.05
1,14,590,1.9,0.9,-2.94,-2.26,0.15,0.35
1,14,601,1.82,0.64,-2.33,-2.34,0.14,0.64
1,14,610,1.93,0.12,-1.7,-2.39,0.1,0.93
1,14,620,2.44,-0.1,-0.87,-2.4,0.06,1.22
1,14,630,2.89,-0.42,-0.08,-2.36,0.02,1.51
1,14,640,3.67,-0.65,0.57,-2.26,0.04,1.78
1,14,650,4.49,-0.65,0.92,-2.13,0.06,2.03
1,14,660,5.43,-0.7,1.07,-1.99,0.05,2.26
1,14,670,6.56,-0.51,1.06,-1.86,0.04,2.44
1,14,680,7.68,-0.46,1.18,-1.8,0.1,2.56
1,14,690,8.77,-0.35,1.04,-1.8,0.15,2.61
1,14,700,9.81,-0.16,1.12,-1.83,0.21,2.61
1,14,710,10.67,-0.26,1.3,-1.87,0.25,2.56
1,14,720,11.55,-0.41,1.52,-1.88,0.28,2.48
1,14,730,12.54,-0.43,1.87,-1.86,0.33,2.38
1,14,740,13.3,-0.48,2.17,-1.79,0.37,2.25
1,14,750,13.95,-0.49,2.51,-1.69,0.37,2.07
1,14,760,14.58,-0.57,2.75,-1.58,0.33,1.84
1,14,770,14.86,-0.65,2.86,-1.5,0.37,1.6
1,14,780,14.8,-0.83,2.94,-1.47,0.37,1.35
1,14,790,14.68,-0.78,3.05,-1.45,0.32,1.08
1,14,801,14.35,-0.95,3.13,-1.42,0.26,0.83
1,14,810,13.88,-1.1,3.44,-1.41,0.23,0.61
1,14,820,13.43,-1.19,3.67,-1.39,0.17,0.44
1,14,830,13.31,-1.25,4.17,-1.34,0.14,0.31
1,14,840,13.12,-1.36,4.38,-1.26,0.16,0.21
1,14,850,12.84,-1.39,4.56,-1.17,0.21,0.14
1,14,862,12.66,-1.46,4.81,-1.05,0.24,0.08
1,14,871,12.41,-1.37,4.83,-0.91,0.23,0.02
1,14,880,12.13,-1.23,4.95,-0.76,0.18,-0.06
1,14,890,11.87,-1.03,4.72,-0.61,0.11,-0.15
1,14,900,11.64,-0.98,4.59,-0.47,0.01,-0.25
1,14,912,11.4,-0.77,4.36,-0.34,-0.09,-0.34
1,14,920,11.01,-0.67,4.01,-0.23,-0.1,-0.38
1,14,930,10.7,-0.64,3.71,-0.14,-0.07,-0.36
1,14,942,10.45,-0.51,3.27,-0.06,-0.08,-0.32
1,14,952,10.38,-0.36,3.03,-0.02,-0.08,-0.3
1,14,963,10.3,-0.27,2.77,0.01,-0.06,-0.3
1,14,972,10.2,-0.19,2.55,0.03,-0.1,-0.32
1,14,982,10.21,-0.02,2.39,0.06,-0.15,-0.36
1,14,992,10.16,-0.06,2.34,0.08,-0.18,-0.4
1,14,1002,10,-0.11,2.04,0.08,-0.21,-0.44
1,14,1012,9.89,-0.06,1.96,0.07,-0.22,-0.46
1,15,0,7.97,2.99,-0.3,-0.07,0.1,-0.04
1,15,10,8.35,2.64,-0.26,-0.06,0.06,-0.03
1,15,20,8.23,2.83,-0.2,-0.05,0.02,0.01
1,15,30,8.31,2.82,-0.1,-0.02,0.02,0.01
1,15,41,8.4,2.86,-0.11,0.01,-0.07,0
1,15,50,8.14,2.78,-0.09,0.04,-0.11,0.01
1,15,60,7.84,2.81,-0.06,0.04,-0.13,0.04
1,15,70,7.58,2.65,-0.1,0.03,-0.15,0.11
1,15,80,7.34,2.6,-0.01,0.01,-0.1,0.2
1,15,90,7.07,2.55,0,-0.02,-0.02,0.31
1,15,100,6.88,2.53,0.25,-0.03,0.05,0.42
1,15,110,6.54,2.49,0.57,-0.03,0.07,0.52
1,15,120,6.24,2.32,0.87,-0.02,0.08,0.62
1,15,131,5.84,2.17,1.13,0.01,0.06,0.74
1,15,140,5.47,1.96,1.4,0.04,0.02,0.86
1,15,150,5.16,1.67,1.71,0.09,0.01,1
1,15,160,4.91,1.31,2.05,0.14,0.01,1.17
1,15,170,4.78,0.95,2.38,0.23,0.03,1.39
1,15,180,4.74,0.65,2.5,0.33,0.07,1.66
1,15,190,5,0.31,2.78,0.44,0.12,1.93
1,15,200,5.53,0.02,2.86,0.56,0.16,2.2
1,15,210,6.53,-0.31,3.01,0.69,0.17,2.44
1,15,221,7.7,-0.51,3.26,0.86,0.22,2.64
1,15,230,8.66,-0.8,3.48,1.02,0.28,2.76
1,15,240,9.67,-1.15,3.82,1.17,0.28,2.81
1,15,250,10.58,-1.65,3.97,1.33,0.27,2.79
1,15,260,11.52,-2.18,4.13,1.5,0.14,2.71
1,15,270,12.78,-2.52,4.39,1.72,-0.01,2.6
1,15,280,14.03,-3.04,4.54,1.99,-0.13,2.42
1,15,292,15.12,-3.25,4.43,2.29,-0.29,2.17
1,15,300,16.18,-3.52,4.12,2.63,-0.43,1.9
1,15,311,17.41,-3.71,3.74,2.96,-0.52,1.62
1,15,320,18.39,-3.66,2.94,3.24,-0.5,1.32
1,15,330,19.06,-3.68,1.85,3.46,-0.42,1
1,15,340,19.61,-3.56,0.86,3.61,-0.4,0.65
1,15,350,19.61,-3.19,-0.42,3.67,-0.29,0.27
1,15,360,19.61,-2.87,-1.57,3.58,-0.06,-0.13
1,15,373,19.61,-2.61,-2.56,3.36,0.12,-0.53
1,15,380,19.61,-2.07,-3.41,3.12,0.27,-0.94
1,15,390,18.98,-1.6,-4.38,2.9,0.31,-1.36
1,15,400,18.37,-1.3,-5.15,2.71,0.2,-1.79
1,15,410,17.36,-0.68,-6.49,2.48,0,-2.23
1,15,421,15.91,-0.32,-7.5,2.18,-0.27,-2.68
1,15,430,14.45,-0.1,-8.2,1.78,-0.56,-3.04
1,15,440,13.31,0.25,-8.44,1.34,-0.78,-3.3
1,15,450,12.06,0.41,-8.16,0.94,-0.82,-3.45
1,15,460,11.09,0.33,-8.21,0.57,-0.71,-3.49
1,15,471,9.65,0.14,-8.15,0.25,-0.5,-3.39
1,15,480,8.29,0.22,-8.18,-0.05,-0.35,-3.17
1,15,490,7.11,0.31,-7.99,-0.34,-0.21,-2.88
1,15,500,6.19,0.44,-7.51,-0.61,-0.08,-2.57
1,15,510,5.51,0.55,-7.28,-0.84,0.02,-2.27
1,15,520,4.9,0.6,-6.9,-1.04,0.08,-1.98
1,15,530,4.44,0.61,-6.67,-1.22,0.12,-1.69
1,15,540,4.13,0.89,-6.43,-1.41,0.13,-1.44
1,15,550,3.78,0.85,-6.18,-1.64,0.2,-1.2
1,15,560,3.31,0.93,-5.83,-1.89,0.26,-0.97
1,15,570,3.01,0.9,-5.32,-2.1,0.25,-0.73
1,15,580,2.78,0.8,-4.77,-2.25,0.21,-0.5
1,15,590,2.72,0.63,-4.12,-2.35,0.16,-0.26
1,15,603,2.89,0.5,-3.44,-2.42,0.15,0.01
1,15,610,2.97,0.34,-2.86,-2.48,0.18,0.3
1,15,621,3.06,0.05,-2.2,-2.54,0.22,0.62
1,15,630,3.35,-0.05,-1.71,-2.59,0.27,0.92
1,15,640,3.77,-0.15,-1.08,-2.61,0.35,1.21
1,15,650,4.13,-0.22,-0.37,-2.6,0.35,1.47
1,15,663,4.58,-0.39,0.37,-2.55,0.34,1.69
1,15,672,5.21,-0.6,0.94,-2.49,0.35,1.89
1,15,680,5.93,-0.78,1.36,-2.4,0.36,2.09
1,15,690,6.86,-0.97,1.72,-2.3,0.38,2.29
1,15,702,7.98,-0.92,1.89,-2.2,0.44,2.44
1,15,710,9,-0.85,2.08,-2.09,0.49,2.52
1,15,721,9.95,-0.65,2.2,-2.01,0.48,2.5
1,15,732,11.21,-0.55,2.49,-1.96,0.37,2.42
1,15,740,12.14,-0.46,2.86,-1.93,0.4,2.29
1,15,750,12.92,-0.53,3.18,-1.89,0.42,2.11
1,15,760,13.61,-0.68,3.37,-1.81,0.42,1.91
1,15,770,13.97,-0.74,3.62,-1.69,0.38,1.69
1,15,780,14.22,-0.74,3.91,-1.55,0.29,1.42
1,15,790,14.34,-0.78,4.05,-1.41,0.21,1.15
1,15,800,14.09,-0.81,4.1,-1.29,0.17,0.92
1,15,812,13.84,-0.81,3.95,-1.21,0.09,0.72
1,15,820,13.58,-0.71,3.81,-1.13,0.01,0.54
1,15,830,13.33,-0.57,3.91,-1.07,-0.03,0.37
1,15,840,13.02,-0.5,3.75,-1.02,-0.05,0.24
1,15,850,12.67,-0.49,3.69,-0.96,-0.09,0.11
1,15,860,12.4,-0.41,3.76,-0.91,-0.11,0
1,15,871,12.05,-0.41,3.62,-0.84,-0.12,-0.07
1,15,880,11.83,-0.34,3.67,-0.8,-0.09,-0.12
1,15,890,11.62,-0.36,3.66,-0.76,-0.05,-0.15
1,15,900,11.28,-0.32,3.68,-0.71,-0.03,-0.16
1,15,910,11.15,-0.25,3.76,-0.64,-0.05,-0.18
1,15,920,11,-0.26,3.78,-0.56,-0.05,-0.22
1,15,930,10.7,-0.21,3.67,-0.47,-0.12,-0.26
1,15,940,10.52,-0.31,3.39,-0.38,-0.17,-0.29
1,15,950,10.51,-0.3,3.38,-0.31,-0.22,-0.31
1,15,960,10.35,-0.23,3.17,-0.27,-0.25,-0.32
1,15,970,10.26,-0.2,3.04,-0.22,-0.26,-0.33
1,15,980,10.16,-0.21,2.83,-0.17,-0.29,-0.35
1,15,990,10.04,-0.12,2.71,-0.14,-0.31,-0.38
1,16,0,8.62,2.82,-0.51,-0.13,-0.01,-0.49
1,16,10,7.24,2.56,-0.5,-0.16,-0.01,-0.44
1,16,20,6.58,2.56,-0.53,-0.19,-0.07,-0.36
1,16,31,6.27,2.42,-0.34,-0.19,-0.02,-0.24
1,16,40,5.86,2.45,-0.26,-0.21,-0.06,-0.11
1,16,50,5.5,2.43,-0.23,-0.22,-0.08,0.02
1,16,60,5.27,2.47,-0.05,-0.22,-0.09,0.14
1,16,70,4.87,2.51,0.36,-0.21,-0.1,0.24
1,16,80,4.36,2.46,0.76,-0.18,-0.1,0.36
1,16,90,3.62,1.97,1.08,-0.14,-0.05,0.57
1,16,100,2.71,1.57,1.46,-0.12,0.06,0.88
1,16,112,2.24,1.22,1.74,-0.1,0.15,1.24
1,16,120,2.01,0.75,2.46,-0.08,0.26,1.67
1,16,131,2.4,0.32,2.91,-0.02,0.32,2.11
1,16,140,3.23,-0.07,3.49,0.08,0.4,2.55
1,16,150,4.5,-0.55,3.95,0.25,0.43,2.95
1,16,164,6.12,-1.03,4.36,0.45,0.48,3.29
1,16,171,8.18,-1.8,4.74,0.69,0.53,3.54
1,16,180,9.87,-2.16,5.07,0.94,0.56,3.65
1,16,190,11.91,-2.75,5.54,1.28,0.53,3.65
1,16,200,14.1,-3.27,5.88,1.67,0.53,3.57
1,16,210,16.04,-3.64,5.88,2.11,0.4,3.35
1,16,220,17.79,-3.95,5.6,2.53,0.23,2.99
1,16,230,19.09,-3.99,5.12,2.88,-0.04,2.52
1,16,241,19.61,-3.87,4.54,3.18,-0.19,1.97
1,16,250,19.61,-3.67,3.73,3.45,-0.4,1.4
1,16,260,19.61,-3.42,2.47,3.71,-0.64,0.8
1,16,270,19.61,-3.11,1.35,3.87,-0.73,0.19
1,16,284,19.61,-2.75,0.18,3.88,-0.55,-0.4
1,16,291,19.61,-2.48,-1.24,3.8,-0.36,-0.96
1,16,300,19.61,-1.87,-2.6,3.62,-0.26,-1.45
1,16,312,19.61,-1.14,-3.8,3.34,-0.12,-1.92
1,16,320,18.96,-0.61,-4.77,3.01,-0.09,-2.37
1,16,330,17.65,0.04,-5.78,2.66,-0.15,-2.8
1,16,347,16.11,0.34,-6.51,2.31,-0.21,-3.19
1,16,351,14.69,0.58,-6.67,1.96,-0.23,-3.49
1,16,362,13.23,0.84,-7.18,1.65,-0.29,-3.73
1,16,370,11.37,1.02,-7.36,1.31,-0.35,-3.9
1,16,380,9.79,1.21,-8.04,0.92,-0.4,-3.94
1,16,390,8.1,1.57,-8.66,0.51,-0.36,-3.85
1,16,400,7.04,1.57,-8.49,0.01,-0.11,-3.65
1,16,410,5.84,1.81,-8.74,-0.47,0.13,-3.4
1,16,420,4.61,1.94,-8.57,-0.87,0.37,-3.1
1,16,430,3.17,1.75,-8.15,-1.19,0.43,-2.79
1,16,440,2.04,1.67,-7.86,-1.41,0.29,-2.41
1,16,450,1.25,1.4,-7.39,-1.58,0.3,-1.95
1,16,460,0.53,1.18,-6.99,-1.73,0.26,-1.45
1,16,470,0.28,1.05,-6.54,-1.91,0.19,-0.89
1,16,480,0.32,1.27,-5.73,-2.12,0.28,-0.37
1,16,490,0.47,1.39,-5.16,-2.35,0.41,0.07
1,16,500,0.79,1.31,-4.25,-2.52,0.44,0.43
1,16,510,1.25,1.24,-3.45,-2.62,0.45,0.74
1,16,521,1.74,1.09,-2.49,-2.67,0.38,1.05
1,16,530,2.23,0.75,-1.59,-2.71,0.34,1.35
1,16,540,2.89,0.69,-0.81,-2.75,0.37,1.66
1,16,550,3.7,0.33,-0.13,-2.81,0.39,2
1,16,560,4.5,0.06,0.7,-2.88,0.5,2.37
1,16,571,5.58,-0.23,1.46,-2.95,0.63,2.71
1,16,580,6.86,-0.3,2.24,-2.98,0.78,2.98
1,16,591,8.04,-0.48,2.94,-3,0.94,3.16
1,16,600,9.12,-0.67,3.74,-2.98,1.11,3.22
1,16,610,10,-0.96,4.49,-2.9,1.22,3.15
1,16,621,10.75,-1.19,5.1,-2.72,1.19,3.02
1,16,630,11.35,-1.62,5.66,-2.48,1.12,2.82
1,16,640,11.83,-1.69,6.13,-2.22,1.07,2.57
1,16,651,12.08,-1.7,6.39,-1.95,0.99,2.29
1,16,660,12.18,-1.76,6.56,-1.69,0.8,2.04
1,16,670,12.27,-1.83,6.55,-1.46,0.63,1.84
1,16,680,12.24,-1.75,6.46,-1.25,0.55,1.67
1,16,690,12.11,-1.72,6.31,-1.09,0.51,1.52
1,16,700,11.93,-1.61,6.17,-0.96,0.54,1.39
1,16,710,11.59,-1.6,5.93,-0.82,0.55,1.28
1,16,722,11.43,-1.6,5.72,-0.69,0.5,1.19
1,16,730,11.48,-1.44,5.39,-0.57,0.45,1.12
1,16,740,11.57,-1.36,5.36,-0.48,0.44,1.05
1,16,750,11.76,-1.18,5.22,-0.41,0.46,0.98
1,16,760,11.74,-1.07,5,-0.35,0.48,0.91
1,16,770,11.61,-1.04,4.81,-0.31,0.54,0.82
1,16,780,11.44,-1.23,4.68,-0.3,0.6,0.74
1,16,790,11.23,-1.26,4.49,-0.31,0.62,0.68
1,16,800,10.97,-1.36,4.48,-0.3,0.62,0.62
1,16,817,10.89,-1.47,4.4,-0.28,0.62,0.58
1,16,824,10.77,-1.47,4.55,-0.25,0.62,0.54
1,16,831,10.6,-1.48,4.54,-0.21,0.59,0.49
1,16,840,10.45,-1.5,4.62,-0.17,0.59,0.45
1,16,850,10.42,-1.55,4.41,-0.15,0.58,0.42
1,16,860,10.27,-1.56,4.44,-0.14,0.55,0.38
1,16,870,10.05,-1.59,4.36,-0.13,0.53,0.33
1,16,880,9.96,-1.6,4.29,-0.12,0.45,0.27
1,16,890,9.84,-1.6,4.39,-0.11,0.34,0.2
1,16,900,9.74,-1.69,4.49,-0.08,0.22,0.11
1,16,910,9.76,-1.78,4.41,-0.06,0.1,0.03
1,16,928,9.67,-1.78,4.4,-0.02,0.02,-0.04
1,16,931,9.47,-1.92,4.41,0,-0.03,-0.06
1,16,940,9.39,-1.94,4.37,0.02,-0.06,-0.07
1,16,950,9.3,-1.95,4.23,0.03,-0.11,-0.07
1,16,962,9.39,-1.77,4.16,0.02,-0.16,-0.08
1,16,970,9.51,-1.74,4.09,0,-0.19,-0.11
1,16,980,9.58,-1.73,4.05,-0.03,-0.18,-0.15
1,16,990,9.55,-1.73,3.89,-0.06,-0.18,-0.2
1,17,0,7.57,2.56,-0.37,-0.13,-0.06,-0.36
1,17,9,7.79,2.68,-0.24,-0.15,-0.04,-0.31
1,17,19,7.87,2.6,-0.15,-0.18,0.01,-0.22
1,17,29,7.47,2.57,-0.03,-0.18,0.09,-0.11
1,17,39,7.24,2.58,0.3,-0.17,0.17,0.01
1,17,51,7.08,2.62,0.37,-0.14,0.09,0.16
1,17,59,6.76,2.34,0.74,-0.09,0.07,0.32
1,17,72,6.57,2.25,0.59,-0.07,0.13,0.52
1,17,79,6.4,2.27,0.97,-0.05,0.25,0.74
1,17,92,6.15,2.15,0.94,-0.07,0.32,0.96
1,17,99,5.96,2.15,1.38,-0.1,0.45,1.16
1,17,109,5.68,1.97,1.78,-0.13,0.57,1.35
1,17,119,5.41,1.64,2.38,-0.16,0.63,1.53
1,17,131,5.27,1.3,2.65,-0.14,0.65,1.71
1,17,139,5.2,0.66,3.22,-0.09,0.66,1.91
1,17,149,5.29,0.13,3.82,-0.01,0.67,2.12
1,17,159,5.49,-0.24,4.35,0.1,0.69,2.36
1,17,169,5.86,-0.83,4.72,0.24,0.77,2.62
1,17,179,6.28,-1.48,5.09,0.41,0.75,2.89
1,17,189,7.34,-2.1,5.31,0.62,0.76,3.16
1,17,199,8.62,-2.75,5.57,0.84,0.83,3.4
1,17,209,9.87,-3.21,5.89,1.09,0.87,3.51
1,17,219,11.02,-3.92,6,1.34,0.76,3.49
1,17,229,12.5,-4.3,6.18,1.64,0.57,3.34
1,17,240,13.97,-4.78,6.06,2.04,0.26,3.11
1,17,249,15.52,-5.07,5.94,2.47,-0.1,2.78
1,17,261,17.08,-5.3,5.67,2.92,-0.39,2.38
1,17,269,18.39,-5.47,5.12,3.33,-0.55,1.94
1,17,279,19.46,-5.49,4.39,3.73,-0.64,1.5
1,17,289,19.61,-5.46,3.31,4.08,-0.69,1.07
1,17,299,19.61,-5.15,2.26,4.33,-0.6,0.62
1,17,310,19.61,-4.59,1.26,4.37,-0.27,0.11
1,17,319,19.61,-4.2,-0.11,4.37,0,-0.41
1,17,329,19.61,-3.65,-1.49,4.33,0.14,-0.92
1,17,339,19.24,-2.93,-2.71,4.13,0.12,-1.42
1,17,352,18.15,-2.19,-3.83,3.89,-0.06,-1.94
1,17,359,17.04,-1.41,-4.84,3.58,-0.33,-2.5
1,17,369,15.95,-0.69,-6.27,3.17,-0.67,-3.06
1,17,379,15.05,0.42,-7.31,2.61,-0.86,-3.58
1,17,389,13.37,0.84,-7.87,1.94,-0.87,-4.01
1,17,399,11.43,0.94,-8.41,1.24,-0.83,-4.32
1,17,412,9.68,1.17,-8.45,0.65,-0.88,-4.37
1,17,419,8.28,0.9,-8.3,0.13,-0.86,-4.21
1,17,429,6.73,1.15,-8.26,-0.28,-0.65,-3.82
1,17,439,5.32,1.22,-8.25,-0.65,-0.35,-3.31
1,17,449,4.05,1.56,-8.36,-1.05,-0.07,-2.77
1,17,459,2.94,1.64,-8.14,-1.48,0.23,-2.22
1,17,469,2.13,1.72,-7.65,-1.9,0.31,-1.72
1,17,481,1.62,1.62,-6.61,-2.24,0.35,-1.3
1,17,489,1.02,1.37,-5.91,-2.46,0.34,-0.94
1,17,500,0.74,1.09,-5.19,-2.58,0.24,-0.6
1,17,509,0.62,0.94,-4.14,-2.68,0.21,-0.23
1,17,519,0.78,0.76,-3.27,-2.79,0.15,0.15
1,17,529,1.04,0.67,-2.51,-2.85,0.11,0.53
1,17,539,1.32,0.52,-1.92,-2.9,0.11,0.92
1,17,551,1.98,0.36,-1.3,-2.94,-0.01,1.29
1,17,560,2.86,0.24,-0.57,-2.99,-0.1,1.65
1,17,569,3.77,-0.13,0.09,-3.03,-0.1,1.97
1,17,579,4.55,-0.51,0.6,-3.07,-0.07,2.27
1,17,590,5.52,-1.27,1.29,-3.08,-0.02,2.57
1,17,600,6.68,-1.68,2.13,-3.05,0.12,2.79
1,17,610,8.33,-1.8,2.69,-2.98,0.34,2.96
1,17,620,9.53,-1.76,3.65,-2.88,0.63,3.05
1,17,631,10.68,-1.97,4.25,-2.76,0.77,3.03
1,17,640,11.5,-2,4.39,-2.58,0.77,2.9
1,17,650,12.52,-2.02,4.75,-2.36,0.7,2.67
1,17,660,13.01,-2.01,4.9,-2.17,0.58,2.37
1,17,670,13.25,-2.1,5.11,-2.02,0.53,2.01
1,17,680,13.24,-2.3,5.27,-1.91,0.48,1.66
1,17,690,13,-2.49,5.29,-1.8,0.41,1.36
1,17,700,12.88,-2.72,5.56,-1.65,0.34,1.13
1,17,710,12.85,-2.66,5.86,-1.48,0.35,0.97
1,17,721,12.67,-2.61,6,-1.3,0.41,0.85
1,17,730,12.48,-2.66,6,-1.11,0.49,0.78
1,17,740,12.21,-2.49,5.66,-0.93,0.53,0.71
1,17,750,12,-2.38,5.54,-0.78,0.55,0.66
1,17,761,11.91,-2.17,5.15,-0.66,0.53,0.59
1,17,770,11.75,-2.04,4.86,-0.59,0.52,0.49
1,17,780,11.56,-1.9,4.62,-0.57,0.5,0.38
1,17,791,11.3,-1.98,4.28,-0.57,0.43,0.25
1,17,800,11.03,-1.92,4.31,-0.56,0.37,0.13
1,17,810,10.85,-1.88,4.34,-0.52,0.31,0.02
1,17,821,10.47,-1.98,4.32,-0.48,0.29,-0.03
1,17,831,10.09,-2.06,4.24,-0.44,0.28,-0.04
1,17,841,9.8,-2.11,4.04,-0.38,0.25,-0.01
1,17,850,9.71,-2.05,3.99,-0.32,0.23,0.03
1,17,860,9.7,-2,3.94,-0.29,0.21,0.08
1,17,870,9.59,-1.94,3.86,-0.26,0.19,0.09
1,17,881,9.59,-1.86,3.68,-0.23,0.14,0.09
1,17,890,9.63,-1.93,3.64,-0.21,0.1,0.08
1,17,900,9.65,-1.9,3.71,-0.2,0.06,0.07
1,17,910,9.59,-1.94,3.84,-0.18,0.07,0.07
1,17,921,9.66,-1.97,3.83,-0.15,0.08,0.09
1,17,930,9.71,-1.95,4.05,-0.11,0.06,0.11
1,17,940,9.72,-2,3.83,-0.04,0.01,0.11
1,17,950,9.87,-2.06,3.87,0.02,-0.04,0.09
1,17,960,10.17,-1.98,3.77,0.05,-0.07,0.06
1,17,970,10.15,-2.03,3.73,0.04,-0.07,0.02
1,17,983,10.17,-1.97,3.61,0.03,-0.08,-0.03
1,17,993,10.14,-1.98,3.55,0.02,-0.12,-0.08
1,17,1000,10.24,-1.86,3.57,0.02,-0.15,-0.15
1,17,1011,10.29,-1.97,3.68,0.03,-0.22,-0.23
1,18,0,9.2,3.66,-0.64,-0.04,-0.14,-0.27
1,18,10,9.44,3.67,-0.54,-0.07,-0.11,-0.28
1,18,22,9.07,3.56,-0.7,-0.11,-0.04,-0.23
1,18,33,8.59,3.47,-0.55,-0.16,0.06,-0.14
1,18,40,8.5,3.39,-0.12,-0.19,0.15,-0.01
1,18,52,8.07,3.06,0.22,-0.18,0.21,0.18
1,18,60,7.61,2.83,0.28,-0.13,0.42,0.38
1,18,70,7.27,2.6,0.51,-0.08,0.63,0.65
1,18,80,6.99,2.51,0.37,-0.06,0.8,0.92
1,18,90,6.7,2.53,0.33,-0.07,0.88,1.11
1,18,100,6.51,2.59,0.45,-0.12,0.91,1.21
1,18,110,6.28,2.49,0.83,-0.21,0.87,1.24
1,18,120,5.98,2.34,1.22,-0.28,0.76,1.24
1,18,130,5.62,1.92,1.91,-0.31,0.68,1.28
1,18,140,5.45,1.53,2.64,-0.29,0.63,1.41
1,18,150,5.33,1,3.21,-0.21,0.68,1.63
1,18,160,5.6,0.67,3.55,-0.06,0.65,1.89
1,18,170,6.17,0.56,3.85,0.13,0.61,2.13
1,18,180,6.81,0.6,4.26,0.33,0.58,2.33
1,18,192,7.7,0.29,4.43,0.52,0.57,2.5
1,18,200,8.42,-0.02,4.29,0.71,0.56,2.64
1,18,210,9.22,-0.19,4.34,0.87,0.62,2.77
1,18,220,9.79,-0.51,4.41,0.97,0.7,2.85
1,18,230,9.9,-0.83,4.47,1.03,0.74,2.89
1,18,240,10.43,-1.24,4.61,1.11,0.66,2.89
1,18,250,11.13,-1.55,4.65,1.25,0.58,2.84
1,18,260,11.79,-1.89,5.13,1.43,0.52,2.74
1,18,270,12.51,-2.26,5.3,1.61,0.6,2.67
1,18,280,12.79,-2.84,5,1.82,0.71,2.69
1,18,290,13.09,-3.28,4.6,2.02,0.67,2.7
1,18,304,14.33,-3.54,3.93,2.25,0.36,2.6
1,18,313,15.8,-3.43,3.79,2.41,0.15,2.35
1,18,323,17.21,-3.37,3.43,2.55,0.09,1.97
1,18,333,18.25,-3.45,3.03,2.65,0.12,1.57
1,18,343,18.79,-3.33,2.63,2.72,0.21,1.18
1,18,353,18.81,-3.13,2.12,2.76,0.32,0.81
1,18,364,18.83,-3.17,1.72,2.74,0.43,0.45
1,18,373,18.55,-3,1.01,2.66,0.46,0.08
1,18,385,18.22,-2.75,0.41,2.53,0.49,-0.32
1,18,393,17.53,-2.32,-0.33,2.35,0.43,-0.73
1,18,403,16.56,-2.04,-0.86,2.13,0.26,-1.15
1,18,413,15.67,-1.7,-1.35,1.95,0.16,-1.51
1,18,423,14.8,-1.6,-1.57,1.82,0.03,-1.81
1,18,433,13.91,-1.32,-1.77,1.72,-0.07,-2.06
1,18,443,12.97,-1.22,-2.26,1.63,-0.13,-2.26
1,18,454,12.14,-0.83,-2.81,1.48,-0.16,-2.42
1,18,463,11.2,-0.55,-3.42,1.3,-0.14,-2.5
1,18,476,10.29,-0.32,-3.56,1.06,-0.15,-2.53
1,18,483,9.51,-0.06,-3.69,0.81,-0.14,-2.52
1,18,493,8.86,0.24,-3.68,0.58,-0.14,-2.47
1,18,503,8.24,0.33,-3.59,0.37,-0.15,-2.41
1,18,513,7.7,0.48,-3.5,0.17,-0.17,-2.33
1,18,523,7.25,0.68,-3.53,-0.02,-0.17,-2.24
1,18,534,6.85,0.82,-3.45,-0.18,-0.21,-2.14
1,18,545,6.55,1.11,-3.28,-0.34,-0.23,-2.02
1,18,556,6.21,1.28,-3.18,-0.5,-0.21,-1.9
1,18,563,5.83,1.41,-3,-0.66,-0.15,-1.75
1,18,573,5.32,1.37,-2.92,-0.8,-0.08,-1.57
1,18,583,4.99,1.4,-2.94,-0.94,-0.05,-1.32
1,18,593,4.73,1.53,-2.72,-1.12,0.03,-1.08
1,18,603,4.58,1.55,-2.32,-1.31,0.1,-0.85
1,18,613,4.52,1.62,-2.02,-1.51,0.16,-0.63
1,18,626,4.45,1.63,-1.64,-1.69,0.24,-0.44
1,18,634,4.37,1.54,-1.21,-1.87,0.24,-0.25
1,18,649,4.27,1.41,-0.55,-2,0.28,-0.11
1,18,655,4.13,1.28,0.06,-2.1,0.32,0.06
1,18,664,4.01,0.98,0.47,-2.17,0.35,0.26
1,18,674,3.9,0.8,0.78,-2.21,0.33,0.47
1,18,685,3.83,0.5,1.09,-2.23,0.29,0.67
1,18,694,4.36,0.5,1.52,-2.23,0.25,0.89
1,18,705,4.92,0.47,1.82,-2.21,0.23,1.11
1,18,715,5.32,0.51,1.99,-2.19,0.28,1.31
1,18,725,5.74,0.46,2.31,-2.22,0.3,1.48
1,18,735,6.05,0.44,2.56,-2.26,0.35,1.62
1,18,744,6.46,0.24,3.04,-2.3,0.4,1.75
1,18,754,6.71,0.08,3.31,-2.35,0.39,1.87
1,18,764,7.19,-0.47,3.7,-2.38,0.35,1.97
1,18,774,8.03,-0.66,4.05,-2.36,0.32,2.05
1,18,784,8.99,-0.98,4.58,-2.29,0.34,2.1
1,18,795,9.57,-1.22,4.91,-2.19,0.39,2.12
1,18,804,10.2,-1.46,5.19,-2.07,0.4,2.1
1,18,814,10.82,-1.7,5.47,-1.93,0.39,2.07
1,18,824,11.33,-1.81,5.75,-1.79,0.37,1.98
1,18,834,11.65,-2.01,6.01,-1.64,0.31,1.84
1,18,844,12,-2.22,5.98,-1.49,0.18,1.68
1,18,854,12.46,-2.4,6.03,-1.35,0.1,1.54
1,18,864,12.69,-2.57,5.99,-1.24,0.08,1.38
1,18,874,12.88,-2.67,5.9,-1.13,0.07,1.23
1,18,884,13,-2.82,5.95,-1.01,0.04,1.08
1,18,894,13.14,-2.79,5.86,-0.89,0.05,0.94
1,18,904,13.11,-2.92,5.8,-0.79,0.09,0.8
1,18,916,12.85,-2.94,5.7,-0.7,0.09,0.67
1,18,924,12.69,-2.84,5.58,-0.62,0.09,0.55
1,18,935,12.41,-2.82,5.45,-0.54,0.06,0.43
1,18,946,12.11,-2.78,5.38,-0.47,0.03,0.3
1,18,955,11.84,-2.77,5.3,-0.41,0.02,0.18
1,18,964,11.4,-2.75,5.03,-0.35,0.01,0.1
1,18,974,11.15,-2.69,4.89,-0.28,-0.01,0.05
1,18,985,10.92,-2.66,4.62,-0.23,-0.02,0.02
1,18,994,10.77,-2.58,4.55,-0.19,0,0
1,18,1004,10.58,-2.51,4.53,-0.16,0.02,-0.01
1,18,1015,10.39,-2.38,4.44,-0.12,0.01,-0.03
1,18,1024,10.21,-2.42,4.3,-0.08,-0.01,-0.06
1,18,1036,10.13,-2.29,4.14,-0.03,-0.06,-0.09
1,18,1045,9.98,-2.3,4.07,0,-0.1,-0.12
1,18,1058,9.82,-2.29,3.93,0.03,-0.16,-0.17
1,18,1064,9.73,-2.12,3.91,0.05,-0.2,-0.21
1,18,1074,9.66,-2.14,3.91,0.04,-0.24,-0.25
1,18,1084,9.65,-2.08,3.75,0.04,-0.23,-0.29
1,18,1094,9.61,-2.03,3.87,0.05,-0.21,-0.32
1,18,1104,9.55,-2.06,3.73,0.06,-0.19,-0.33
1,18,1114,9.45,-2.09,3.68,0.07,-0.14,-0.32
1,18,1124,9.44,-1.98,3.58,0.08,-0.08,-0.3
1,19,0,6.95,3.28,-0.47,-0.26,0.01,-0.12
1,19,11,7.06,3.31,-0.1,-0.23,0.16,-0.05
1,19,21,7.36,2.95,0.01,-0.16,0.22,0.07
1,19,31,6.95,2.91,-0.23,-0.1,0.19,0.22
1,19,41,6.78,2.91,-0.29,-0.06,0.14,0.39
1,19,51,6.67,2.82,-0.27,-0.06,0,0.57
1,19,60,6.73,2.58,-0.23,-0.1,-0.06,0.74
1,19,71,6.79,2.41,0.17,-0.19,0.02,0.93
1,19,80,6.42,2.18,0.68,-0.3,0.23,1.13
1,19,90,5.89,1.75,1.17,-0.37,0.48,1.36
1,19,100,5.57,1.42,1.7,-0.35,0.59,1.63
1,19,113,5.55,1.12,2.41,-0.24,0.63,1.9
1,19,120,5.92,0.8,3.07,-0.07,0.72,2.16
1,19,131,6.42,0.53,3.41,0.13,0.77,2.43
1,19,140,7.06,-0.03,3.78,0.38,0.83,2.71
1,19,151,7.89,-0.52,3.87,0.64,0.96,2.97
1,19,160,8.97,-1.05,4.23,0.89,1.05,3.16
1,19,170,10.14,-1.42,4.48,1.12,1.23,3.28
1,19,180,11.07,-1.94,4.77,1.37,1.27,3.31
1,19,190,12.07,-2.27,4.98,1.64,1.15,3.21
1,19,201,13.36,-2.64,5.17,1.99,0.87,2.97
1,19,211,14.54,-2.88,5,2.39,0.55,2.65
1,19,221,15.74,-3.11,4.69,2.83,0.3,2.34
1,19,230,16.72,-3.47,4.21,3.24,0.1,2.03
1,19,240,17.65,-3.38,3.4,3.64,-0.04,1.69
1,19,252,18.18,-3.32,2.58,3.98,-0.15,1.3
1,19,260,18.53,-3.04,1.83,4.23,-0.28,0.85
1,19,270,19.19,-2.71,0.82,4.37,-0.25,0.38
1,19,281,19.37,-2.42,-0.13,4.37,0.07,-0.11
1,19,290,19.18,-2.2,-1.24,4.37,0.38,-0.58
1,19,301,18.84,-1.52,-2.47,4.25,0.62,-1.01
1,19,310,18.75,-0.71,-4.66,4,0.67,-1.49
1,19,320,17.7,0.7,-6.32,3.53,0.73,-2.03
1,19,330,16.24,1.22,-7.7,2.75,0.6,-2.64
1,19,341,15.03,2.01,-8.45,1.89,0.41,-3.19
1,19,350,13.27,1.83,-8.07,1.17,0.12,-3.62
1,19,360,11.72,1.64,-7.38,0.65,-0.25,-3.93
1,19,373,10.45,1.56,-7.11,0.31,-0.49,-4.05
1,19,380,9.18,1.58,-7.04,0.03,-0.61,-3.98
1,19,391,7.76,1.59,-6.66,-0.26,-0.4,-3.73
1,19,400,6.1,1.46,-6.47,-0.62,0.02,-3.3
1,19,410,4.8,1.64,-6.58,-0.94,0.49,-2.74
1,19,420,3.18,1.85,-6.84,-1.21,0.71,-2.14
1,19,430,1.86,1.81,-6.8,-1.49,0.58,-1.6
1,19,440,1.09,1.78,-6.84,-1.86,0.43,-1.07
1,19,451,0.91,1.48,-5.91,-2.31,0.29,-0.59
1,19,460,1.05,1.2,-5.05,-2.74,0.47,-0.15
1,19,471,1.03,0.85,-3.88,-3.04,0.8,0.27
1,19,480,1.01,0.43,-2.67,-3.18,0.76,0.66
1,19,490,0.96,0.12,-1.51,-3.13,0.69,1.04
1,19,500,1.44,-0.04,-0.91,-3,0.56,1.44
1,19,510,2.33,-0.23,-0.5,-2.9,0.38,1.84
1,19,523,3.21,-0.35,-0.03,-2.9,0.32,2.21
1,19,530,4.28,-0.49,0.44,-2.97,0.41,2.54
1,19,541,5.47,-0.77,0.89,-3.07,0.55,2.89
1,19,551,6.63,-1.24,1.72,-3.13,0.69,3.16
1,19,561,7.78,-1.6,2.58,-3.17,0.95,3.36
1,19,571,9.19,-2.15,3.98,-3.15,1.24,3.43
1,19,581,10.47,-1.95,4.78,-3.03,1.46,3.41
1,19,591,11.44,-2.4,5.56,-2.83,1.47,3.26
1,19,601,12.29,-2.5,6.2,-2.57,1.28,3.01
1,19,611,13.26,-2.55,6.6,-2.27,0.92,2.66
1,19,626,13.93,-2.77,6.82,-1.95,0.61,2.22
1,19,633,14.28,-2.92,6.79,-1.66,0.32,1.71
1,19,642,14.54,-3,6.58,-1.45,0.14,1.29
1,19,651,14.34,-3.01,6.35,-1.26,-0.05,0.86
1,19,661,14.08,-2.96,6.19,-1.1,-0.23,0.48
1,19,671,13.86,-2.94,6.09,-0.95,-0.31,0.19
1,19,681,13.42,-2.87,6.1,-0.82,-0.26,0.03
1,19,691,12.87,-2.76,5.92,-0.68,-0.17,-0.03
1,19,701,12.22,-2.74,5.54,-0.56,-0.13,-0.06
1,19,712,11.87,-2.4,5.32,-0.45,-0.1,-0.07
1,19,721,11.5,-2.21,5.33,-0.38,-0.07,-0.1
1,19,731,11.25,-1.92,5.07,-0.31,-0.1,-0.15
1,19,741,11.04,-1.69,4.73,-0.23,-0.13,-0.22
1,19,751,10.75,-1.58,4.69,-0.17,-0.17,-0.27
1,19,762,10.42,-1.51,4.29,-0.11,-0.24,-0.33
1,19,771,10.18,-1.41,4.24,-0.06,-0.36,-0.39
1,19,782,10.02,-1.28,4,0,-0.42,-0.42
1,19,796,9.68,-1.36,3.78,0.03,-0.42,-0.42
1,19,802,9.5,-1.33,3.73,0.05,-0.38,-0.4
1,19,811,9.25,-1.29,3.57,0.07,-0.36,-0.36
1,19,821,9.11,-1.26,3.42,0.07,-0.32,-0.33
1,19,831,9.02,-1.19,3.42,0.07,-0.3,-0.31
1,19,841,9.12,-0.92,3.39,0.08,-0.29,-0.32
1,19,851,9.13,-1.01,3.19,0.08,-0.26,-0.33
